name,name_unique,dataset_name,clock_speed,alm,reg,dsp,ram,mlab
atax,atax_1,polybench_intel,367.11,32570.1,75481,16,48,755
atax,atax_2,polybench_intel,378.79,6643.5,14182,6,27,163
atax,atax_3,polybench_intel,403.55,5348.4,12186,9,24,126
atax,atax_4,polybench_intel,381.68,7818.1,16018,3,27,185
atax,atax_5,polybench_intel,513.61,12409.0,30230,9,72,202
atax,atax_6,polybench_intel,304.88,17405.5,32386,5,107,321
atax,atax_7,polybench_intel,490.68,3214.0,8293,6,14,65
atax,atax_8,polybench_intel,393.86,7279.7,14932,5,20,144
atax,atax_9,polybench_intel,332.12,13437.4,26163,10,69,297
atax,atax_10,polybench_intel,348.92,21090.2,42805,9,91,472
atax,atax_11,polybench_intel,377.22,11822.5,24535,16,54,292
atax,atax_12,polybench_intel,348.07,10688.7,21421,12,54,237
atax,atax_13,polybench_intel,250.38,23261.1,46131,12,118,255
atax,atax_14,polybench_intel,390.47,6811.2,15124,10,34,165
atax,atax_15,polybench_intel,368.19,11677.6,23575,6,53,287
atax,atax_16,polybench_intel,377.5,11518.0,23467,9,53,289
bicg,bicg_1,polybench_intel,458.72,4790.0,11555,12,24,116
bicg,bicg_2,polybench_intel,344.12,11281.6,22862,12,34,290
bicg,bicg_3,polybench_intel,339.67,15011.9,32597,8,24,478
bicg,bicg_4,polybench_intel,348.55,12733.0,26108,12,42,333
bicg,bicg_5,polybench_intel,394.94,8844.3,19446,5,15,265
bicg,bicg_6,polybench_intel,335.12,14777.6,32769,16,23,468
bicg,bicg_7,polybench_intel,481.46,5438.6,13662,16,24,145
bicg,bicg_8,polybench_intel,340.48,8196.3,16307,6,31,165
bicg,bicg_9,polybench_intel,347.46,14696.1,31937,9,24,461
bicg,bicg_10,polybench_intel,345.9,15097.8,33024,16,23,477
bicg,bicg_11,polybench_intel,445.83,5717.2,12749,6,14,154
bicg,bicg_12,polybench_intel,434.4,4206.1,9756,3,17,97
bicg,bicg_13,polybench_intel,485.67,5069.8,12317,12,25,130
bicg,bicg_14,polybench_intel,244.5,14400.6,25341,10,47,245
bicg,bicg_15,polybench_intel,383.29,8362.6,17098,6,22,208
bicg,bicg_16,polybench_intel,404.04,8412.6,17664,8,22,214
gemm,gemm_1,polybench_intel,365.63,19005.0,44493,20,140,300
gemm,gemm_2,polybench_intel,454.13,6604.8,15550,8,39,137
gemm,gemm_3,polybench_intel,599.88,5726.6,14585,5,49,98
gemm,gemm_4,polybench_intel,360.36,16209.2,34972,5,42,404
gemm,gemm_5,polybench_intel,581.73,6904.1,18292,18,51,112
gemm,gemm_6,polybench_intel,333.67,16471.2,35319,10,41,399
gemm,gemm_7,polybench_intel,599.88,7383.7,18846,8,56,112
gemm,gemm_8,polybench_intel,418.41,18529.7,38625,17,62,368
gemm,gemm_9,polybench_intel,374.53,10330.8,21242,10,39,222
gemm,gemm_10,polybench_intel,355.24,19520.7,42470,10,63,444
gemm,gemm_11,polybench_intel,663.57,5864.4,15256,4,51,88
gemm,gemm_12,polybench_intel,336.81,15859.3,34406,5,42,395
gemm,gemm_13,polybench_intel,346.38,17141.4,36889,5,42,407
gemm,gemm_14,polybench_intel,479.16,11003.0,25560,17,58,172
gemm,gemm_15,polybench_intel,446.63,11503.7,24559,12,48,244
gemm,gemm_16,polybench_intel,402.74,9444.0,20271,3,39,222
gesummv,gesummv_1,polybench_intel,356.25,15311.3,32059,25,76,391
gesummv,gesummv_2,polybench_intel,428.08,8949.7,18907,17,28,189
gesummv,gesummv_3,polybench_intel,404.86,6159.9,13457,11,25,159
gesummv,gesummv_4,polybench_intel,419.99,5766.0,12784,5,25,136
gesummv,gesummv_5,polybench_intel,383.44,16481.5,34214,25,45,380
gesummv,gesummv_6,polybench_intel,498.26,10227.9,23765,21,23,209
gesummv,gesummv_7,polybench_intel,395.1,8615.5,18762,11,38,235
gesummv,gesummv_8,polybench_intel,398.41,6085.4,13330,13,25,161
gesummv,gesummv_9,polybench_intel,344.12,15150.1,30710,7,58,407
gesummv,gesummv_10,polybench_intel,411.18,13025.6,26900,21,36,261
gesummv,gesummv_11,polybench_intel,337.38,14950.5,30372,11,74,389
gesummv,gesummv_12,polybench_intel,404.86,6159.9,13457,11,25,159
gesummv,gesummv_13,polybench_intel,340.6,16215.7,32839,9,58,447
gesummv,gesummv_14,polybench_intel,435.54,9669.7,21877,19,31,179
gesummv,gesummv_15,polybench_intel,349.53,21343.0,44655,25,106,534
gesummv,gesummv_16,polybench_intel,406.01,5801.3,12887,11,25,150
k2mm,k2mm_1,polybench_intel,385.21,13638.8,30331,17,89,299
k2mm,k2mm_2,polybench_intel,326.26,28263.5,62077,25,114,613
k2mm,k2mm_3,polybench_intel,585.14,8068.7,20731,7,91,131
k2mm,k2mm_4,polybench_intel,520.02,4996.7,12645,7,67,87
k2mm,k2mm_5,polybench_intel,501.5,5379.2,13188,11,67,104
k2mm,k2mm_6,polybench_intel,397.93,14087.9,30888,13,64,306
k2mm,k2mm_7,polybench_intel,299.58,22879.9,50739,11,194,509
k2mm,k2mm_8,polybench_intel,382.12,13235.8,28387,13,89,295
k2mm,k2mm_9,polybench_intel,310.75,21904.2,45889,13,67,521
k2mm,k2mm_10,polybench_intel,398.25,14452.4,32679,21,123,305
k2mm,k2mm_11,polybench_intel,377.07,14546.0,31928,17,113,297
k2mm,k2mm_12,polybench_intel,436.3,8173.6,18404,11,73,175
k2mm,k2mm_13,polybench_intel,397.61,13965.1,30872,18,100,310
k2mm,k2mm_14,polybench_intel,396.98,13080.4,28029,9,88,288
k2mm,k2mm_15,polybench_intel,599.88,9190.8,23378,6,87,161
k2mm,k2mm_16,polybench_intel,406.67,13705.3,30451,9,64,302
syr2k,syr2k_1,polybench_intel,401.61,11723.5,25215,14,68,251
syr2k,syr2k_2,polybench_intel,438.21,8316.5,19525,20,67,149
syr2k,syr2k_3,polybench_intel,404.69,11952.6,27173,26,77,254
syr2k,syr2k_4,polybench_intel,407.17,16051.5,35472,18,122,290
syr2k,syr2k_5,polybench_intel,404.86,11941.4,26488,22,77,253
syr2k,syr2k_6,polybench_intel,550.96,4888.9,12106,12,59,77
syr2k,syr2k_7,polybench_intel,370.78,15916.6,33774,12,123,283
syr2k,syr2k_8,polybench_intel,341.18,18772.0,41321,8,82,445
syr2k,syr2k_9,polybench_intel,452.9,8761.2,20104,10,66,160
syr2k,syr2k_10,polybench_intel,395.57,12093.2,26568,20,68,248
syr2k,syr2k_11,polybench_intel,335.68,19355.5,42698,12,82,478
syr2k,syr2k_12,polybench_intel,442.28,8325.0,19094,20,74,177
syr2k,syr2k_13,polybench_intel,347.22,27885.8,64459,14,318,471
syr2k,syr2k_14,polybench_intel,396.51,11799.7,26540,20,77,248
syr2k,syr2k_15,polybench_intel,381.68,22895.6,49615,22,210,371
syr2k,syr2k_16,polybench_intel,364.17,25417.9,53386,26,233,436
k3mm,k3mm_1,polybench_intel,434.97,12156.4,25585,6,75,240
k3mm,k3mm_2,polybench_intel,457.67,10143.4,22752,7,67,205
k3mm,k3mm_3,polybench_intel,444.64,8494.4,18605,3,67,176
k3mm,k3mm_4,polybench_intel,455.58,9865.2,22512,10,76,198
k3mm,k3mm_5,polybench_intel,331.46,25127.4,54294,7,128,543
k3mm,k3mm_6,polybench_intel,337.5,34342.7,75513,13,481,577
k3mm,k3mm_7,polybench_intel,436.3,13092.9,28983,9,75,261
k3mm,k3mm_8,polybench_intel,301.84,27846.0,58387,17,107,445
k3mm,k3mm_9,polybench_intel,339.79,30195.6,65747,7,330,570
k3mm,k3mm_10,polybench_intel,343.05,29002.5,61141,7,90,650
k3mm,k3mm_12,polybench_intel,384.76,25466.1,55298,17,197,476
k3mm,k3mm_13,polybench_intel,532.48,7886.3,19299,11,61,139
k3mm,k3mm_14,polybench_intel,400.0,19673.0,42629,7,68,426
k3mm,k3mm_15,polybench_intel,391.39,13951.6,30909,10,75,298
k3mm,k3mm_16,polybench_intel,356.76,23582.0,52041,6,120,518
mvt,mvt_1,polybench_intel,461.04,6622.1,14764,2,14,176
mvt,mvt_2,polybench_intel,343.29,17518.4,38930,9,62,490
mvt,mvt_3,polybench_intel,484.26,5414.9,13179,5,17,126
mvt,mvt_4,polybench_intel,475.06,7168.9,16441,6,30,190
mvt,mvt_5,polybench_intel,338.52,16037.4,34019,5,24,500
mvt,mvt_6,polybench_intel,478.24,5051.4,11655,2,18,110
mvt,mvt_7,polybench_intel,344.59,17575.5,39508,6,62,496
mvt,mvt_8,polybench_intel,336.59,23834.3,50631,9,16,692
mvt,mvt_9,polybench_intel,470.15,6364.1,15459,12,48,163
mvt,mvt_10,polybench_intel,346.74,18887.5,42665,16,111,506
mvt,mvt_11,polybench_intel,381.68,11262.1,25245,9,54,294
mvt,mvt_12,polybench_intel,436.68,7982.5,18031,9,47,200
mvt,mvt_13,polybench_intel,396.2,9906.1,21446,4,22,284
mvt,mvt_14,polybench_intel,447.63,7590.8,16561,5,20,157
mvt,mvt_15,polybench_intel,476.19,6016.1,14275,9,27,151
mvt,mvt_16,polybench_intel,413.56,13588.4,29524,6,15,365
syrk,syrk_1,polybench_intel,324.68,23369.2,53571,16,291,364
syrk,syrk_2,polybench_intel,437.45,5981.7,13694,12,42,110
syrk,syrk_3,polybench_intel,599.88,6298.1,17197,18,50,98
syrk,syrk_4,polybench_intel,543.18,3408.5,9000,10,34,50
syrk,syrk_5,polybench_intel,346.86,15322.9,34327,8,64,340
syrk,syrk_6,polybench_intel,328.95,13783.3,29184,3,48,326
syrk,syrk_7,polybench_intel,522.74,6659.2,17483,20,50,100
syrk,syrk_8,polybench_intel,374.25,8638.0,18735,16,42,197
syrk,syrk_9,polybench_intel,343.17,14694.5,31761,18,48,334
syrk,syrk_10,polybench_intel,324.46,14451.5,31020,24,48,335
syrk,syrk_11,polybench_intel,414.77,8640.9,19498,16,42,199
syrk,syrk_12,polybench_intel,547.65,3099.9,8068,9,34,62
syrk,syrk_13,polybench_intel,444.84,5747.4,13213,9,42,125
syrk,syrk_14,polybench_intel,364.83,14070.7,30841,10,47,329
syrk,syrk_15,polybench_intel,352.86,14542.9,31639,20,48,336
syrk,syrk_16,polybench_intel,324.25,17496.1,35647,24,81,342
bfs_bulk,bfs_bulk_1,machsuite_intel,344.83,7872.8,16512,0,42,143
bfs_bulk,bfs_bulk_2,machsuite_intel,374.53,12525.7,27060,0,70,202
bfs_bulk,bfs_bulk_3,machsuite_intel,316.66,17330.3,33284,0,138,245
bfs_bulk,bfs_bulk_4,machsuite_intel,252.78,29032.4,53608,0,279,408
bfs_bulk,bfs_bulk_5,machsuite_intel,239.87,50386.3,97710,0,611,669
bfs_bulk,bfs_bulk_6,machsuite_intel,365.63,8520.1,17676,0,46,151
bfs_bulk,bfs_bulk_7,machsuite_intel,369.96,13083.1,27466,0,78,210
bfs_bulk,bfs_bulk_8,machsuite_intel,312.5,18269.7,34242,0,154,253
bfs_bulk,bfs_bulk_9,machsuite_intel,270.49,30256.9,56105,0,311,416
bfs_bulk,bfs_bulk_10,machsuite_intel,249.13,52765.2,101302,0,675,677
bfs_bulk,bfs_bulk_11,machsuite_intel,381.97,9245.3,20523,0,54,167
bfs_bulk,bfs_bulk_12,machsuite_intel,359.84,14189.3,29140,0,94,226
bfs_bulk,bfs_bulk_13,machsuite_intel,322.89,19717.8,38414,0,186,269
bfs_bulk,bfs_bulk_14,machsuite_intel,272.63,32540.5,61190,0,375,432
bfs_bulk,bfs_bulk_15,machsuite_intel,244.02,55497.8,112257,0,803,693
bfs_bulk,bfs_bulk_16,machsuite_intel,333.11,11345.1,22351,0,70,199
bfs_bulk,bfs_bulk_17,machsuite_intel,367.65,16648.7,32979,0,126,258
bfs_bulk,bfs_bulk_18,machsuite_intel,311.82,22816.4,45571,0,250,301
bfs_bulk,bfs_bulk_19,machsuite_intel,265.39,35722.0,71049,0,503,464
bfs_bulk,bfs_bulk_20,machsuite_intel,234.14,63717.6,122757,0,1059,725
bfs_bulk,bfs_bulk_21,machsuite_intel,374.81,16296.6,34821,0,38,391
bfs_bulk,bfs_bulk_22,machsuite_intel,341.53,23892.2,47336,0,62,578
bfs_bulk,bfs_bulk_23,machsuite_intel,287.44,34852.4,70972,0,122,877
bfs_bulk,bfs_bulk_24,machsuite_intel,274.2,57520.4,121199,0,247,1552
bfs_bulk,bfs_bulk_25,machsuite_intel,236.35,105891.9,220137,0,547,2837
bfs_bulk,bfs_bulk_26,machsuite_intel,344.83,7872.8,16512,0,42,143
bfs_bulk,bfs_bulk_61,machsuite_intel,381.97,9245.3,20523,0,54,167
bfs_bulk,bfs_bulk_27,machsuite_intel,374.53,12525.7,27060,0,70,202
bfs_bulk,bfs_bulk_62,machsuite_intel,359.84,14189.3,29140,0,94,226
bfs_bulk,bfs_bulk_28,machsuite_intel,316.66,17330.3,33284,0,138,245
bfs_bulk,bfs_bulk_63,machsuite_intel,322.89,19717.8,38414,0,186,269
bfs_bulk,bfs_bulk_29,machsuite_intel,252.78,29032.4,53608,0,279,408
bfs_bulk,bfs_bulk_64,machsuite_intel,272.63,32540.5,61190,0,375,432
bfs_bulk,bfs_bulk_31,machsuite_intel,365.63,8520.1,17676,0,46,151
bfs_bulk,bfs_bulk_32,machsuite_intel,369.96,13083.1,27466,0,78,210
bfs_bulk,bfs_bulk_66,machsuite_intel,333.11,11345.1,22351,0,70,199
bfs_bulk,bfs_bulk_67,machsuite_intel,367.65,16648.7,32979,0,126,258
bfs_bulk,bfs_bulk_33,machsuite_intel,312.5,18269.7,34242,0,154,253
bfs_bulk,bfs_bulk_68,machsuite_intel,311.82,22816.4,45571,0,250,301
bfs_bulk,bfs_bulk_34,machsuite_intel,270.49,30256.9,56105,0,311,416
bfs_bulk,bfs_bulk_69,machsuite_intel,265.39,35722.0,71049,0,503,464
bfs_bulk,bfs_bulk_36,machsuite_intel,381.97,9245.3,20523,0,54,167
bfs_bulk,bfs_bulk_37,machsuite_intel,359.84,14189.3,29140,0,94,226
bfs_bulk,bfs_bulk_71,machsuite_intel,374.81,16296.6,34821,0,38,391
bfs_bulk,bfs_bulk_38,machsuite_intel,322.89,19717.8,38414,0,186,269
bfs_bulk,bfs_bulk_72,machsuite_intel,341.53,23892.2,47336,0,62,578
bfs_bulk,bfs_bulk_73,machsuite_intel,287.44,34852.4,70972,0,122,877
bfs_bulk,bfs_bulk_41,machsuite_intel,333.11,11345.1,22351,0,70,199
bfs_bulk,bfs_bulk_42,machsuite_intel,367.65,16648.7,32979,0,126,258
bfs_bulk,bfs_bulk_43,machsuite_intel,311.82,22816.4,45571,0,250,301
bfs_bulk,bfs_bulk_76,machsuite_intel,344.83,7872.8,16512,0,42,143
bfs_bulk,bfs_bulk_77,machsuite_intel,374.53,12525.7,27060,0,70,202
bfs_bulk,bfs_bulk_78,machsuite_intel,316.66,17330.3,33284,0,138,245
bfs_bulk,bfs_bulk_46,machsuite_intel,374.81,16296.6,34821,0,38,391
bfs_bulk,bfs_bulk_79,machsuite_intel,252.78,29032.4,53608,0,279,408
bfs_bulk,bfs_bulk_47,machsuite_intel,341.53,23892.2,47336,0,62,578
bfs_bulk,bfs_bulk_48,machsuite_intel,287.44,34852.4,70972,0,122,877
bfs_bulk,bfs_bulk_81,machsuite_intel,365.63,8520.1,17676,0,46,151
bfs_bulk,bfs_bulk_82,machsuite_intel,369.96,13083.1,27466,0,78,210
bfs_bulk,bfs_bulk_83,machsuite_intel,312.5,18269.7,34242,0,154,253
bfs_bulk,bfs_bulk_84,machsuite_intel,270.49,30256.9,56105,0,311,416
bfs_bulk,bfs_bulk_51,machsuite_intel,344.83,7872.8,16512,0,42,143
bfs_bulk,bfs_bulk_52,machsuite_intel,374.53,12525.7,27060,0,70,202
bfs_bulk,bfs_bulk_53,machsuite_intel,316.66,17330.3,33284,0,138,245
bfs_bulk,bfs_bulk_86,machsuite_intel,381.97,9245.3,20523,0,54,167
bfs_bulk,bfs_bulk_54,machsuite_intel,252.78,29032.4,53608,0,279,408
bfs_bulk,bfs_bulk_87,machsuite_intel,359.84,14189.3,29140,0,94,226
bfs_bulk,bfs_bulk_88,machsuite_intel,322.89,19717.8,38414,0,186,269
bfs_bulk,bfs_bulk_56,machsuite_intel,365.63,8520.1,17676,0,46,151
bfs_bulk,bfs_bulk_89,machsuite_intel,272.63,32540.5,61190,0,375,432
bfs_bulk,bfs_bulk_57,machsuite_intel,369.96,13083.1,27466,0,78,210
bfs_bulk,bfs_bulk_58,machsuite_intel,312.5,18269.7,34242,0,154,253
bfs_bulk,bfs_bulk_59,machsuite_intel,270.49,30256.9,56105,0,311,416
bfs_bulk,bfs_bulk_91,machsuite_intel,333.11,11345.1,22351,0,70,199
bfs_bulk,bfs_bulk_92,machsuite_intel,367.65,16648.7,32979,0,126,258
bfs_bulk,bfs_bulk_93,machsuite_intel,311.82,22816.4,45571,0,250,301
bfs_bulk,bfs_bulk_94,machsuite_intel,265.39,35722.0,71049,0,503,464
bfs_bulk,bfs_bulk_96,machsuite_intel,374.81,16296.6,34821,0,38,391
bfs_bulk,bfs_bulk_97,machsuite_intel,341.53,23892.2,47336,0,62,578
bfs_bulk,bfs_bulk_98,machsuite_intel,287.44,34852.4,70972,0,122,877
bfs_queue,bfs_queue_1,machsuite_intel,361.53,10404.1,20590,0,48,188
bfs_queue,bfs_queue_2,machsuite_intel,321.54,17201.8,31441,0,88,303
bfs_queue,bfs_queue_3,machsuite_intel,256.34,30726.0,57481,0,174,522
bfs_queue,bfs_queue_4,machsuite_intel,233.81,61893.6,109299,0,389,951
bfs_queue,bfs_queue_6,machsuite_intel,343.76,11021.3,21318,0,56,196
bfs_queue,bfs_queue_7,machsuite_intel,329.27,18107.8,33029,0,100,311
bfs_queue,bfs_queue_8,machsuite_intel,239.12,31796.0,59472,0,194,530
bfs_queue,bfs_queue_9,machsuite_intel,197.28,62200.7,117634,0,425,959
bfs_queue,bfs_queue_11,machsuite_intel,344.0,11870.2,23899,0,72,212
bfs_queue,bfs_queue_12,machsuite_intel,315.66,18973.2,33894,0,124,327
bfs_queue,bfs_queue_13,machsuite_intel,250.0,33416.3,62298,0,234,546
bfs_queue,bfs_queue_14,machsuite_intel,236.8,66423.5,126902,0,497,975
bfs_queue,bfs_queue_16,machsuite_intel,350.14,14144.2,27985,0,104,244
bfs_queue,bfs_queue_17,machsuite_intel,292.83,21514.7,37524,0,172,359
bfs_queue,bfs_queue_18,machsuite_intel,246.0,38594.1,62662,0,314,578
bfs_queue,bfs_queue_19,machsuite_intel,228.05,68943.2,125587,0,641,1007
bfs_queue,bfs_queue_21,machsuite_intel,342.35,19910.0,40130,0,104,436
bfs_queue,bfs_queue_22,machsuite_intel,310.37,27621.3,49205,0,140,679
bfs_queue,bfs_queue_23,machsuite_intel,264.9,49309.6,85542,0,218,1154
bfs_queue,bfs_queue_24,machsuite_intel,218.05,97211.0,175106,0,417,2095
bfs_queue,bfs_queue_61,machsuite_intel,344.0,11870.2,23899,0,72,212
bfs_queue,bfs_queue_62,machsuite_intel,315.66,18973.2,33894,0,124,327
bfs_queue,bfs_queue_63,machsuite_intel,250.0,33416.3,62298,0,234,546
bfs_queue,bfs_queue_26,machsuite_intel,361.53,10404.1,20590,0,48,188
bfs_queue,bfs_queue_27,machsuite_intel,321.54,17201.8,31441,0,88,303
bfs_queue,bfs_queue_28,machsuite_intel,256.34,30726.0,57481,0,174,522
bfs_queue,bfs_queue_66,machsuite_intel,350.14,14144.2,27985,0,104,244
bfs_queue,bfs_queue_67,machsuite_intel,292.83,21514.7,37524,0,172,359
bfs_queue,bfs_queue_68,machsuite_intel,246.0,38594.1,62662,0,314,578
bfs_queue,bfs_queue_31,machsuite_intel,343.76,11021.3,21318,0,56,196
bfs_queue,bfs_queue_32,machsuite_intel,329.27,18107.8,33029,0,100,311
bfs_queue,bfs_queue_33,machsuite_intel,239.12,31796.0,59472,0,194,530
bfs_queue,bfs_queue_71,machsuite_intel,342.35,19910.0,40130,0,104,436
bfs_queue,bfs_queue_72,machsuite_intel,310.37,27621.3,49205,0,140,679
bfs_queue,bfs_queue_36,machsuite_intel,344.0,11870.2,23899,0,72,212
bfs_queue,bfs_queue_37,machsuite_intel,315.66,18973.2,33894,0,124,327
bfs_queue,bfs_queue_38,machsuite_intel,250.0,33416.3,62298,0,234,546
bfs_queue,bfs_queue_76,machsuite_intel,361.53,10404.1,20590,0,48,188
bfs_queue,bfs_queue_77,machsuite_intel,321.54,17201.8,31441,0,88,303
bfs_queue,bfs_queue_78,machsuite_intel,256.34,30726.0,57481,0,174,522
bfs_queue,bfs_queue_41,machsuite_intel,350.14,14144.2,27985,0,104,244
bfs_queue,bfs_queue_42,machsuite_intel,292.83,21514.7,37524,0,172,359
bfs_queue,bfs_queue_43,machsuite_intel,246.0,38594.1,62662,0,314,578
bfs_queue,bfs_queue_81,machsuite_intel,343.76,11021.3,21318,0,56,196
bfs_queue,bfs_queue_82,machsuite_intel,329.27,18107.8,33029,0,100,311
bfs_queue,bfs_queue_83,machsuite_intel,239.12,31796.0,59472,0,194,530
bfs_queue,bfs_queue_46,machsuite_intel,342.35,19910.0,40130,0,104,436
bfs_queue,bfs_queue_47,machsuite_intel,310.37,27621.3,49205,0,140,679
bfs_queue,bfs_queue_86,machsuite_intel,344.0,11870.2,23899,0,72,212
bfs_queue,bfs_queue_87,machsuite_intel,315.66,18973.2,33894,0,124,327
bfs_queue,bfs_queue_88,machsuite_intel,250.0,33416.3,62298,0,234,546
bfs_queue,bfs_queue_51,machsuite_intel,361.53,10404.1,20590,0,48,188
bfs_queue,bfs_queue_52,machsuite_intel,321.54,17201.8,31441,0,88,303
bfs_queue,bfs_queue_53,machsuite_intel,256.34,30726.0,57481,0,174,522
bfs_queue,bfs_queue_91,machsuite_intel,350.14,14144.2,27985,0,104,244
bfs_queue,bfs_queue_92,machsuite_intel,292.83,21514.7,37524,0,172,359
bfs_queue,bfs_queue_93,machsuite_intel,246.0,38594.1,62662,0,314,578
bfs_queue,bfs_queue_56,machsuite_intel,343.76,11021.3,21318,0,56,196
bfs_queue,bfs_queue_57,machsuite_intel,329.27,18107.8,33029,0,100,311
bfs_queue,bfs_queue_58,machsuite_intel,239.12,31796.0,59472,0,194,530
bfs_queue,bfs_queue_96,machsuite_intel,342.35,19910.0,40130,0,104,436
bfs_queue,bfs_queue_97,machsuite_intel,310.37,27621.3,49205,0,140,679
gemm_blocked,gemm_blocked_1,machsuite_intel,507.1,7799.3,20593,8,22,91
gemm_blocked,gemm_blocked_2,machsuite_intel,468.6,13602.0,36170,16,33,160
gemm_blocked,gemm_blocked_3,machsuite_intel,373.13,27720.0,69753,32,64,342
gemm_blocked,gemm_blocked_4,machsuite_intel,373.13,27720.0,69753,32,64,342
gemm_blocked,gemm_blocked_5,machsuite_intel,373.13,27720.0,69753,32,64,342
gemm_blocked,gemm_blocked_6,machsuite_intel,507.1,9473.7,24912,8,24,147
gemm_blocked,gemm_blocked_7,machsuite_intel,427.17,18330.0,48101,16,58,251
gemm_blocked,gemm_blocked_8,machsuite_intel,366.7,34594.9,87990,32,85,559
gemm_blocked,gemm_blocked_9,machsuite_intel,366.7,34594.9,87990,32,85,559
gemm_blocked,gemm_blocked_10,machsuite_intel,366.7,34594.9,87990,32,85,559
gemm_blocked,gemm_blocked_11,machsuite_intel,471.48,9978.9,26265,8,26,153
gemm_blocked,gemm_blocked_12,machsuite_intel,464.68,19615.7,51590,16,49,311
gemm_blocked,gemm_blocked_13,machsuite_intel,379.08,40860.1,105986,32,105,662
gemm_blocked,gemm_blocked_16,machsuite_intel,508.39,7589.8,20019,8,21,65
gemm_blocked,gemm_blocked_17,machsuite_intel,456.41,14057.6,36470,16,39,160
gemm_blocked,gemm_blocked_18,machsuite_intel,382.7,28675.2,69958,32,70,342
gemm_blocked,gemm_blocked_19,machsuite_intel,382.7,28675.2,69958,32,70,342
gemm_blocked,gemm_blocked_20,machsuite_intel,382.7,28675.2,69958,32,70,342
gemm_blocked,gemm_blocked_21,machsuite_intel,474.61,10044.8,25545,8,32,147
gemm_blocked,gemm_blocked_22,machsuite_intel,387.6,19057.8,48793,16,70,251
gemm_blocked,gemm_blocked_23,machsuite_intel,338.29,35983.2,89183,32,99,559
gemm_blocked,gemm_blocked_24,machsuite_intel,338.29,35983.2,89183,32,99,559
gemm_blocked,gemm_blocked_25,machsuite_intel,338.29,35983.2,89183,32,99,559
gemm_blocked,gemm_blocked_26,machsuite_intel,507.87,9590.8,25159,8,41,93
gemm_blocked,gemm_blocked_27,machsuite_intel,440.92,20135.1,52695,16,67,311
gemm_blocked,gemm_blocked_28,machsuite_intel,339.79,42454.1,108080,32,135,662
gemm_blocked,gemm_blocked_31,machsuite_intel,508.65,8443.7,21471,8,33,65
gemm_blocked,gemm_blocked_32,machsuite_intel,507.36,13319.6,34893,16,33,120
gemm_blocked,gemm_blocked_33,machsuite_intel,417.54,28986.3,71114,32,82,342
gemm_blocked,gemm_blocked_34,machsuite_intel,417.54,28986.3,71114,32,82,342
gemm_blocked,gemm_blocked_35,machsuite_intel,417.54,28986.3,71114,32,82,342
gemm_blocked,gemm_blocked_36,machsuite_intel,421.59,11039.8,27474,8,52,147
gemm_blocked,gemm_blocked_37,machsuite_intel,357.78,20789.2,51411,16,94,251
gemm_blocked,gemm_blocked_38,machsuite_intel,287.27,38702.4,91244,32,119,559
gemm_blocked,gemm_blocked_39,machsuite_intel,287.27,38702.4,91244,32,119,559
gemm_blocked,gemm_blocked_40,machsuite_intel,287.27,38702.4,91244,32,119,559
gemm_blocked,gemm_blocked_41,machsuite_intel,507.36,10434.5,26763,8,57,93
gemm_blocked,gemm_blocked_42,machsuite_intel,432.34,20838.6,53968,16,107,279
gemm_blocked,gemm_blocked_46,machsuite_intel,507.87,10453.1,24843,8,57,65
gemm_blocked,gemm_blocked_47,machsuite_intel,507.87,15329.8,38056,16,57,120
gemm_blocked,gemm_blocked_48,machsuite_intel,486.85,28699.8,73074,32,90,291
gemm_blocked,gemm_blocked_49,machsuite_intel,486.85,28699.8,73074,32,90,291
gemm_blocked,gemm_blocked_50,machsuite_intel,486.85,28699.8,73074,32,90,291
gemm_blocked,gemm_blocked_51,machsuite_intel,383.0,13330.3,30956,8,92,147
gemm_blocked,gemm_blocked_52,machsuite_intel,304.32,23528.7,56204,16,150,251
gemm_blocked,gemm_blocked_53,machsuite_intel,241.6,41723.2,94740,32,153,559
gemm_blocked,gemm_blocked_54,machsuite_intel,241.6,41723.2,94740,32,153,559
gemm_blocked,gemm_blocked_55,machsuite_intel,241.6,41723.2,94740,32,153,559
gemm_blocked,gemm_blocked_56,machsuite_intel,507.36,12586.9,30523,8,89,93
gemm_blocked,gemm_blocked_57,machsuite_intel,385.51,22988.5,58596,16,175,279
gemm_ncubed,gemm_ncubed_1,machsuite_intel,508.65,7411.0,19023,8,27,60
gemm_ncubed,gemm_ncubed_2,machsuite_intel,500.25,13225.3,34112,16,35,116
gemm_ncubed,gemm_ncubed_3,machsuite_intel,417.19,24599.7,65120,32,51,228
gemm_ncubed,gemm_ncubed_4,machsuite_intel,365.63,48171.5,125203,64,85,452
gemm_ncubed,gemm_ncubed_5,machsuite_intel,336.13,93457.1,242673,128,151,900
gemm_ncubed,gemm_ncubed_6,machsuite_intel,467.07,197629.5,518173,256,644,1823
gemm_ncubed,gemm_ncubed_7,machsuite_intel,508.65,8394.5,20962,8,26,86
gemm_ncubed,gemm_ncubed_8,machsuite_intel,508.65,17032.3,42335,16,60,202
gemm_ncubed,gemm_ncubed_10,machsuite_intel,376.08,66040.7,163862,64,228,802
gemm_ncubed,gemm_ncubed_11,machsuite_intel,311.72,130471.7,325015,128,452,1602
gemm_ncubed,gemm_ncubed_12,machsuite_intel,508.91,7758.6,19348,8,29,60
gemm_ncubed,gemm_ncubed_13,machsuite_intel,493.1,13577.0,34676,16,37,116
gemm_ncubed,gemm_ncubed_14,machsuite_intel,458.51,24985.9,65349,32,53,228
gemm_ncubed,gemm_ncubed_15,machsuite_intel,361.53,48419.6,124930,64,87,452
gemm_ncubed,gemm_ncubed_16,machsuite_intel,328.08,94273.3,243676,128,153,900
gemm_ncubed,gemm_ncubed_17,machsuite_intel,438.02,198452.9,518010,256,646,1827
gemm_ncubed,gemm_ncubed_18,machsuite_intel,508.39,8823.4,21480,8,30,86
gemm_ncubed,gemm_ncubed_19,machsuite_intel,507.61,16513.0,40963,16,60,170
gemm_ncubed,gemm_ncubed_20,machsuite_intel,450.65,34484.2,84289,32,136,402
gemm_ncubed,gemm_ncubed_21,machsuite_intel,393.24,67154.2,165636,64,264,802
gemm_ncubed,gemm_ncubed_22,machsuite_intel,329.71,133992.1,328952,128,520,1602
gemm_ncubed,gemm_ncubed_23,machsuite_intel,508.65,8354.4,20848,8,41,60
gemm_ncubed,gemm_ncubed_24,machsuite_intel,491.16,13895.6,35541,16,41,116
gemm_ncubed,gemm_ncubed_25,machsuite_intel,443.85,25353.4,66551,32,57,228
gemm_ncubed,gemm_ncubed_26,machsuite_intel,366.57,48912.2,126488,64,91,452
gemm_ncubed,gemm_ncubed_27,machsuite_intel,317.46,94483.3,243517,128,157,900
gemm_ncubed,gemm_ncubed_28,machsuite_intel,425.53,199229.5,518097,256,650,1827
gemm_ncubed,gemm_ncubed_29,machsuite_intel,508.65,9533.4,22860,8,46,86
gemm_ncubed,gemm_ncubed_30,machsuite_intel,507.36,17240.9,42534,16,76,170
gemm_ncubed,gemm_ncubed_31,machsuite_intel,507.36,33130.6,83467,32,152,338
gemm_ncubed,gemm_ncubed_32,machsuite_intel,421.94,69858.6,170146,64,336,802
gemm_ncubed,gemm_ncubed_33,machsuite_intel,358.04,136895.2,337523,128,656,1602
gemm_ncubed,gemm_ncubed_34,machsuite_intel,507.1,9849.1,23785,8,65,60
gemm_ncubed,gemm_ncubed_35,machsuite_intel,488.28,15359.5,38597,16,65,116
gemm_ncubed,gemm_ncubed_36,machsuite_intel,439.37,26220.2,68349,32,65,228
gemm_ncubed,gemm_ncubed_37,machsuite_intel,363.9,50087.8,128069,64,99,452
gemm_ncubed,gemm_ncubed_38,machsuite_intel,332.67,95825.1,247283,128,165,900
gemm_ncubed,gemm_ncubed_39,machsuite_intel,437.25,199857.0,519394,256,658,1827
gemm_ncubed,gemm_ncubed_40,machsuite_intel,485.91,11127.0,25686,8,78,86
gemm_ncubed,gemm_ncubed_41,machsuite_intel,480.31,19248.4,46437,16,124,170
gemm_ncubed,gemm_ncubed_42,machsuite_intel,490.2,35701.4,87938,32,216,338
gemm_ncubed,gemm_ncubed_43,machsuite_intel,444.64,68974.6,170354,64,432,674
gemm_ncubed,gemm_ncubed_1,machsuite_intel,508.65,7411.0,19023,8,27,60
gemm_ncubed,gemm_ncubed_2,machsuite_intel,500.25,13225.3,34112,16,35,116
gemm_ncubed,gemm_ncubed_3,machsuite_intel,417.19,24599.7,65120,32,51,228
gemm_ncubed,gemm_ncubed_4,machsuite_intel,365.63,48171.5,125203,64,85,452
gemm_ncubed,gemm_ncubed_5,machsuite_intel,336.13,93457.1,242673,128,151,900
gemm_ncubed,gemm_ncubed_6,machsuite_intel,467.07,197629.5,518173,256,644,1823
gemm_ncubed,gemm_ncubed_7,machsuite_intel,508.65,8394.5,20962,8,26,86
gemm_ncubed,gemm_ncubed_8,machsuite_intel,508.65,17032.3,42335,16,60,202
gemm_ncubed,gemm_ncubed_9,machsuite_intel,453.72,33037.7,82931,32,116,402
gemm_ncubed,gemm_ncubed_10,machsuite_intel,376.08,66040.7,163862,64,228,802
gemm_ncubed,gemm_ncubed_11,machsuite_intel,311.72,130471.7,325015,128,452,1602
gemm_ncubed,gemm_ncubed_12,machsuite_intel,508.91,7758.6,19348,8,29,60
gemm_ncubed,gemm_ncubed_13,machsuite_intel,493.1,13577.0,34676,16,37,116
gemm_ncubed,gemm_ncubed_14,machsuite_intel,458.51,24985.9,65349,32,53,228
gemm_ncubed,gemm_ncubed_15,machsuite_intel,361.53,48419.6,124930,64,87,452
gemm_ncubed,gemm_ncubed_16,machsuite_intel,328.08,94273.3,243676,128,153,900
gemm_ncubed,gemm_ncubed_17,machsuite_intel,438.02,198452.9,518010,256,646,1827
gemm_ncubed,gemm_ncubed_18,machsuite_intel,508.39,8823.4,21480,8,30,86
gemm_ncubed,gemm_ncubed_19,machsuite_intel,507.61,16513.0,40963,16,60,170
gemm_ncubed,gemm_ncubed_20,machsuite_intel,450.65,34484.2,84289,32,136,402
gemm_ncubed,gemm_ncubed_21,machsuite_intel,393.24,67154.2,165636,64,264,802
gemm_ncubed,gemm_ncubed_22,machsuite_intel,329.71,133992.1,328952,128,520,1602
gemm_ncubed,gemm_ncubed_23,machsuite_intel,508.65,8354.4,20848,8,41,60
gemm_ncubed,gemm_ncubed_24,machsuite_intel,491.16,13895.6,35541,16,41,116
gemm_ncubed,gemm_ncubed_25,machsuite_intel,443.85,25353.4,66551,32,57,228
gemm_ncubed,gemm_ncubed_26,machsuite_intel,366.57,48912.2,126488,64,91,452
gemm_ncubed,gemm_ncubed_27,machsuite_intel,317.46,94483.3,243517,128,157,900
gemm_ncubed,gemm_ncubed_28,machsuite_intel,425.53,199229.5,518097,256,650,1827
gemm_ncubed,gemm_ncubed_29,machsuite_intel,508.65,9533.4,22860,8,46,86
gemm_ncubed,gemm_ncubed_30,machsuite_intel,507.36,17240.9,42534,16,76,170
gemm_ncubed,gemm_ncubed_31,machsuite_intel,507.36,33130.6,83467,32,152,338
gemm_ncubed,gemm_ncubed_32,machsuite_intel,421.94,69858.6,170146,64,336,802
gemm_ncubed,gemm_ncubed_33,machsuite_intel,358.04,136895.2,337523,128,656,1602
gemm_ncubed,gemm_ncubed_34,machsuite_intel,507.1,9849.1,23785,8,65,60
gemm_ncubed,gemm_ncubed_35,machsuite_intel,488.28,15359.5,38597,16,65,116
gemm_ncubed,gemm_ncubed_36,machsuite_intel,439.37,26220.2,68349,32,65,228
gemm_ncubed,gemm_ncubed_37,machsuite_intel,363.9,50087.8,128069,64,99,452
gemm_ncubed,gemm_ncubed_38,machsuite_intel,332.67,95825.1,247283,128,165,900
gemm_ncubed,gemm_ncubed_39,machsuite_intel,437.25,199857.0,519394,256,658,1827
gemm_ncubed,gemm_ncubed_40,machsuite_intel,485.91,11127.0,25686,8,78,86
gemm_ncubed,gemm_ncubed_41,machsuite_intel,480.31,19248.4,46437,16,124,170
gemm_ncubed,gemm_ncubed_42,machsuite_intel,490.2,35701.4,87938,32,216,338
gemm_ncubed,gemm_ncubed_43,machsuite_intel,444.64,68974.6,170354,64,432,674
nw,nw_156,machsuite_intel,308.45,42454.1,75756,0,116,608
nw,nw_1,machsuite_intel,354.61,17307.9,31666,0,35,266
nw,nw_76,machsuite_intel,329.92,17539.7,31748,0,37,266
nw,nw_151,machsuite_intel,344.47,18112.7,32958,0,33,282
nw,nw_231,machsuite_intel,317.86,44392.3,80166,0,116,672
nw,nw_2,machsuite_intel,322.68,22399.2,40516,0,59,320
nw,nw_152,machsuite_intel,315.56,23468.4,42090,0,55,352
nw,nw_77,machsuite_intel,328.52,22631.7,40982,0,63,320
nw,nw_3,machsuite_intel,325.63,33641.6,61200,0,104,448
nw,nw_232,machsuite_intel,295.25,38308.5,68447,0,109,618
nw,nw_78,machsuite_intel,318.88,34062.7,61383,0,112,448
nw,nw_153,machsuite_intel,330.36,35422.0,64526,0,96,512
nw,nw_4,machsuite_intel,323.21,23326.2,42113,0,55,352
nw,nw_79,machsuite_intel,331.56,23393.8,42442,0,58,352
nw,nw_154,machsuite_intel,306.28,24247.3,43474,0,52,376
nw,nw_233,machsuite_intel,316.76,44447.0,79588,0,130,697
nw,nw_5,machsuite_intel,319.49,28833.9,51759,0,76,415
nw,nw_80,machsuite_intel,311.04,29315.0,52368,0,80,415
nw,nw_155,machsuite_intel,306.56,30216.0,53842,0,72,447
nw,nw_6,machsuite_intel,290.28,40316.2,71357,0,124,544
nw,nw_234,machsuite_intel,290.19,56561.5,99084,0,175,854
nw,nw_81,machsuite_intel,326.26,40890.1,73631,0,132,544
nw,nw_156,machsuite_intel,308.45,42454.1,75756,0,116,608
nw,nw_7,machsuite_intel,307.22,36364.6,64486,0,114,538
nw,nw_82,machsuite_intel,309.31,36435.1,65063,0,119,538
nw,nw_157,machsuite_intel,321.54,37207.9,66989,0,109,578
nw,nw_235,machsuite_intel,277.32,63197.8,112449,0,236,1031
nw,nw_8,machsuite_intel,325.1,41661.1,74725,0,136,601
nw,nw_83,machsuite_intel,290.11,41995.0,74222,0,142,601
nw,nw_158,machsuite_intel,297.53,43179.9,75937,0,130,649
nw,nw_9,machsuite_intel,298.69,53040.1,93471,0,183,726
nw,nw_84,machsuite_intel,304.69,53524.0,94512,0,191,726
nw,nw_236,machsuite_intel,276.4,69309.3,123098,0,257,1110
nw,nw_159,machsuite_intel,276.63,54928.0,96666,0,175,790
nw,nw_10,machsuite_intel,268.67,59966.7,105805,0,245,887
nw,nw_85,machsuite_intel,278.4,60158.0,106553,0,254,887
nw,nw_160,machsuite_intel,278.78,61679.9,109496,0,236,959
nw,nw_237,machsuite_intel,284.25,81926.3,145555,0,303,1271
nw,nw_86,machsuite_intel,262.88,65667.8,116181,0,277,950
nw,nw_11,machsuite_intel,274.35,65211.0,115013,0,267,950
nw,nw_161,machsuite_intel,283.37,67283.1,120177,0,257,1030
nw,nw_12,machsuite_intel,285.47,76706.8,135743,0,315,1079
nw,nw_87,machsuite_intel,280.35,77239.9,135932,0,327,1079
nw,nw_162,machsuite_intel,260.82,79323.2,138760,0,303,1175
nw,nw_88,machsuite_intel,232.5,115386.4,200531,0,710,1581
nw,nw_13,machsuite_intel,236.35,115387.6,198947,0,693,1581
nw,nw_241,machsuite_intel,316.26,22352.7,41532,0,35,369
nw,nw_242,machsuite_intel,334.56,27913.6,51152,0,58,454
nw,nw_243,machsuite_intel,316.46,40837.1,74322,0,102,644
nw,nw_244,machsuite_intel,305.72,29441.1,52269,0,54,472
nw,nw_16,machsuite_intel,360.49,20653.9,38888,0,37,337
nw,nw_91,machsuite_intel,324.68,20919.1,38549,0,39,337
nw,nw_245,machsuite_intel,323.62,34907.7,63564,0,74,550
nw,nw_166,machsuite_intel,314.66,21774.6,39335,0,35,353
nw,nw_17,machsuite_intel,336.47,25575.8,46898,0,62,390
nw,nw_92,machsuite_intel,338.98,25956.9,47752,0,66,390
nw,nw_167,machsuite_intel,337.04,26731.7,49169,0,58,422
nw,nw_246,machsuite_intel,299.04,47892.3,85239,0,122,739
nw,nw_18,machsuite_intel,309.79,37047.6,67076,0,110,516
nw,nw_93,machsuite_intel,330.14,37464.5,68701,0,118,516
nw,nw_168,machsuite_intel,300.21,38859.4,70277,0,102,580
nw,nw_19,machsuite_intel,309.69,27258.5,48614,0,57,424
nw,nw_94,machsuite_intel,317.26,27074.4,49102,0,60,424
nw,nw_247,machsuite_intel,318.88,41600.2,75474,0,111,689
nw,nw_169,machsuite_intel,315.36,28039.6,50417,0,54,448
nw,nw_20,machsuite_intel,314.27,32486.7,58189,0,78,486
nw,nw_95,machsuite_intel,322.37,32599.7,60033,0,82,486
nw,nw_248,machsuite_intel,304.51,47734.9,85583,0,131,768
nw,nw_170,machsuite_intel,333.22,33570.3,61772,0,74,518
nw,nw_21,machsuite_intel,318.88,43663.9,78688,0,130,611
nw,nw_96,machsuite_intel,290.28,44200.6,77910,0,138,611
nw,nw_171,machsuite_intel,315.26,45768.2,82350,0,122,675
nw,nw_249,machsuite_intel,300.57,59818.5,106918,0,177,925
nw,nw_22,machsuite_intel,317.36,39471.3,71064,0,116,609
nw,nw_97,machsuite_intel,296.56,39828.2,71056,0,121,609
nw,nw_172,machsuite_intel,311.24,40511.4,73130,0,111,649
nw,nw_23,machsuite_intel,292.06,45113.8,79928,0,137,672
nw,nw_98,machsuite_intel,306.84,45401.3,80927,0,143,672
nw,nw_250,machsuite_intel,251.57,66486.5,118299,0,238,1106
nw,nw_173,machsuite_intel,313.28,46557.8,82937,0,131,720
nw,nw_24,machsuite_intel,299.58,56286.1,100280,0,185,797
nw,nw_99,machsuite_intel,293.69,56768.3,100368,0,193,797
nw,nw_251,machsuite_intel,291.8,72632.8,129343,0,259,1183
nw,nw_174,machsuite_intel,304.14,58126.1,103270,0,177,861
nw,nw_25,machsuite_intel,259.81,63388.8,111760,0,247,962
nw,nw_100,machsuite_intel,265.75,63504.7,112362,0,256,962
nw,nw_175,machsuite_intel,276.47,64974.2,116096,0,238,1034
nw,nw_252,machsuite_intel,276.24,85060.8,149869,0,305,1340
nw,nw_26,machsuite_intel,276.17,68632.6,121216,0,269,1023
nw,nw_101,machsuite_intel,276.93,69135.8,122375,0,279,1023
nw,nw_176,machsuite_intel,275.41,70704.7,125159,0,259,1103
nw,nw_27,machsuite_intel,275.56,79820.9,140991,0,317,1148
nw,nw_102,machsuite_intel,281.45,80535.8,141676,0,329,1148
nw,nw_177,machsuite_intel,257.27,82415.0,144174,0,305,1244
nw,nw_256,machsuite_intel,316.86,31276.7,57472,0,33,522
nw,nw_257,machsuite_intel,308.55,36469.3,66481,0,57,608
nw,nw_258,machsuite_intel,319.39,49302.4,90462,0,100,800
nw,nw_31,machsuite_intel,328.52,29143.1,54379,0,35,490
nw,nw_106,machsuite_intel,342.94,29374.4,55194,0,37,490
nw,nw_259,machsuite_intel,327.12,36962.5,68742,0,54,624
nw,nw_181,machsuite_intel,324.36,29609.0,54735,0,33,506
nw,nw_32,machsuite_intel,332.01,34148.3,64103,0,61,544
nw,nw_107,machsuite_intel,335.23,34424.7,64632,0,65,544
nw,nw_260,machsuite_intel,323.31,43031.4,80306,0,74,701
nw,nw_182,machsuite_intel,342.11,35400.9,66749,0,57,576
nw,nw_33,machsuite_intel,312.99,45430.8,83212,0,108,672
nw,nw_108,machsuite_intel,323.83,45818.7,84154,0,116,672
nw,nw_183,machsuite_intel,302.02,47260.4,85842,0,100,736
nw,nw_34,machsuite_intel,302.66,34799.6,63818,0,57,576
nw,nw_261,machsuite_intel,310.17,56208.8,102170,0,117,896
nw,nw_109,machsuite_intel,324.15,35147.4,65128,0,60,576
nw,nw_184,machsuite_intel,333.0,35623.1,66629,0,54,600
nw,nw_35,machsuite_intel,323.42,40714.7,74105,0,78,637
nw,nw_262,machsuite_intel,296.65,49821.8,89889,0,109,842
nw,nw_110,machsuite_intel,322.06,40889.2,74973,0,82,637
nw,nw_185,machsuite_intel,326.9,41755.6,76634,0,74,669
nw,nw_36,machsuite_intel,320.82,52036.7,94969,0,125,768
nw,nw_263,machsuite_intel,305.72,55987.0,101549,0,130,921
nw,nw_111,machsuite_intel,312.79,52583.5,95080,0,133,768
nw,nw_186,machsuite_intel,300.3,54127.0,97585,0,117,832
nw,nw_37,machsuite_intel,308.74,47984.7,86611,0,114,762
nw,nw_112,machsuite_intel,318.07,48051.2,88038,0,119,762
nw,nw_264,machsuite_intel,291.89,68102.0,122641,0,176,1078
nw,nw_187,machsuite_intel,304.23,48536.1,88567,0,109,802
nw,nw_38,machsuite_intel,300.66,53383.7,95615,0,136,825
nw,nw_113,machsuite_intel,282.41,53817.9,96012,0,142,825
nw,nw_188,machsuite_intel,312.79,54826.5,99114,0,130,873
nw,nw_265,machsuite_intel,266.88,74677.5,135066,0,237,1255
nw,nw_39,machsuite_intel,274.12,64611.4,114546,0,184,950
nw,nw_114,machsuite_intel,277.09,65174.4,115745,0,192,950
nw,nw_189,machsuite_intel,289.44,66276.6,120185,0,176,1014
nw,nw_266,machsuite_intel,270.05,80805.0,144060,0,258,1335
nw,nw_40,machsuite_intel,259.34,71415.2,127382,0,246,1111
nw,nw_115,machsuite_intel,261.57,71465.2,127470,0,255,1111
nw,nw_190,machsuite_intel,250.82,73013.6,129768,0,237,1183
nw,nw_41,machsuite_intel,267.59,76741.2,137179,0,268,1175
nw,nw_267,machsuite_intel,250.56,93413.0,164056,0,304,1494
nw,nw_116,machsuite_intel,283.21,77199.5,137380,0,278,1175
nw,nw_191,machsuite_intel,279.17,78908.9,140743,0,258,1255
nw,nw_42,machsuite_intel,258.33,88012.2,156719,0,316,1302
nw,nw_117,machsuite_intel,252.4,88709.5,155959,0,328,1302
nw,nw_192,machsuite_intel,273.67,90382.6,160789,0,304,1398
nw,nw_271,machsuite_intel,303.12,45005.3,84244,0,33,825
nw,nw_272,machsuite_intel,322.89,51042.1,96720,0,56,914
nw,nw_46,machsuite_intel,305.9,43414.5,80625,0,35,793
nw,nw_121,machsuite_intel,322.16,43686.3,82310,0,37,793
nw,nw_273,machsuite_intel,296.65,63806.9,117797,0,100,1106
nw,nw_47,machsuite_intel,322.27,48711.8,90057,0,60,850
nw,nw_196,machsuite_intel,310.66,43994.3,83410,0,33,809
nw,nw_122,machsuite_intel,327.44,49005.8,91395,0,64,850
nw,nw_274,machsuite_intel,328.84,51765.4,97021,0,53,931
nw,nw_197,machsuite_intel,320.2,50044.7,92190,0,56,882
nw,nw_48,machsuite_intel,307.88,59904.5,110049,0,108,978
nw,nw_123,machsuite_intel,305.25,60496.1,110748,0,116,978
nw,nw_275,machsuite_intel,272.85,57765.2,108131,0,73,1010
nw,nw_49,machsuite_intel,319.59,49675.2,92454,0,56,883
nw,nw_198,machsuite_intel,305.16,61823.9,113795,0,100,1042
nw,nw_124,machsuite_intel,329.16,49981.0,93356,0,59,883
nw,nw_50,machsuite_intel,303.95,55142.9,100802,0,77,946
nw,nw_199,machsuite_intel,312.99,50856.3,93569,0,53,907
nw,nw_276,machsuite_intel,283.85,70705.9,127319,0,117,1199
nw,nw_125,machsuite_intel,315.96,55658.2,102796,0,81,946
nw,nw_200,machsuite_intel,293.69,56510.1,103435,0,73,978
nw,nw_277,machsuite_intel,289.86,64556.1,117811,0,109,1148
nw,nw_51,machsuite_intel,311.92,66565.1,122346,0,125,1071
nw,nw_126,machsuite_intel,308.26,66981.8,122616,0,133,1071
nw,nw_201,machsuite_intel,311.53,68710.2,125007,0,117,1135
nw,nw_52,machsuite_intel,296.12,62682.2,114142,0,114,1068
nw,nw_278,machsuite_intel,295.86,70825.5,128265,0,130,1227
nw,nw_127,machsuite_intel,279.56,63019.4,113246,0,119,1068
nw,nw_202,machsuite_intel,289.35,63953.9,115404,0,109,1108
nw,nw_53,machsuite_intel,303.86,67930.5,124494,0,136,1131
nw,nw_279,machsuite_intel,301.57,83097.9,150971,0,176,1384
nw,nw_128,machsuite_intel,302.3,68216.1,124355,0,142,1131
nw,nw_203,machsuite_intel,295.95,69645.2,126176,0,130,1179
nw,nw_54,machsuite_intel,304.79,79346.1,145288,0,184,1256
nw,nw_280,machsuite_intel,281.77,89367.8,161483,0,237,1560
nw,nw_129,machsuite_intel,285.71,80120.1,142876,0,192,1256
nw,nw_204,machsuite_intel,293.34,81314.3,145791,0,176,1320
nw,nw_55,machsuite_intel,283.77,86024.1,155422,0,246,1416
nw,nw_130,machsuite_intel,276.17,86348.2,155294,0,255,1416
nw,nw_281,machsuite_intel,273.82,95537.1,171431,0,258,1639
nw,nw_205,machsuite_intel,272.78,88009.6,158993,0,237,1488
nw,nw_56,machsuite_intel,267.74,91551.1,165459,0,268,1479
nw,nw_131,machsuite_intel,275.18,92016.8,165355,0,278,1479
nw,nw_282,machsuite_intel,280.98,108048.7,193626,0,304,1796
nw,nw_206,machsuite_intel,267.45,93756.1,168094,0,258,1559
nw,nw_57,machsuite_intel,252.91,102804.1,182675,0,316,1604
nw,nw_132,machsuite_intel,276.93,103554.3,185854,0,328,1604
nw,nw_207,machsuite_intel,264.55,105322.2,187943,0,304,1700
nw,nw_286,machsuite_intel,299.04,75457.6,143635,0,33,1429
nw,nw_61,machsuite_intel,286.53,73661.4,139408,0,35,1397
nw,nw_287,machsuite_intel,289.1,80949.2,154434,0,56,1518
nw,nw_136,machsuite_intel,287.19,73937.3,140718,0,37,1397
nw,nw_211,machsuite_intel,283.77,74244.0,140637,0,33,1413
nw,nw_62,machsuite_intel,278.24,79136.3,149104,0,60,1454
nw,nw_137,machsuite_intel,268.31,79238.2,146559,0,64,1454
nw,nw_288,machsuite_intel,275.86,94398.0,177377,0,100,1710
nw,nw_212,machsuite_intel,283.85,80153.6,150186,0,56,1486
nw,nw_63,machsuite_intel,277.93,90576.3,166463,0,108,1582
nw,nw_138,machsuite_intel,270.05,91054.3,168120,0,116,1582
nw,nw_289,machsuite_intel,286.2,81731.1,152548,0,53,1535
nw,nw_213,machsuite_intel,279.88,92513.4,172384,0,100,1646
nw,nw_64,machsuite_intel,278.47,80644.9,148786,0,56,1487
nw,nw_139,machsuite_intel,275.71,80802.9,149990,0,59,1487
nw,nw_290,machsuite_intel,271.3,87954.5,161396,0,73,1614
nw,nw_214,machsuite_intel,277.55,81427.7,151248,0,53,1511
nw,nw_65,machsuite_intel,267.31,85890.3,156690,0,77,1550
nw,nw_140,machsuite_intel,273.52,86182.7,160884,0,81,1550
nw,nw_291,machsuite_intel,276.32,101361.5,185724,0,117,1806
nw,nw_215,machsuite_intel,278.09,87358.2,160128,0,73,1582
nw,nw_66,machsuite_intel,274.65,97151.9,179434,0,125,1678
nw,nw_141,machsuite_intel,271.52,97802.9,177229,0,133,1678
nw,nw_292,machsuite_intel,264.27,94987.1,173680,0,109,1752
nw,nw_216,machsuite_intel,280.9,99029.6,183064,0,117,1742
nw,nw_67,machsuite_intel,281.14,93363.7,173593,0,114,1672
nw,nw_142,machsuite_intel,278.47,93554.5,172823,0,119,1672
nw,nw_293,machsuite_intel,275.41,100947.3,186399,0,130,1831
nw,nw_217,machsuite_intel,278.01,94302.7,175068,0,109,1712
nw,nw_68,machsuite_intel,281.61,98858.0,182783,0,136,1735
nw,nw_143,machsuite_intel,266.52,99139.6,184251,0,142,1735
nw,nw_218,machsuite_intel,282.57,100085.0,183545,0,130,1783
nw,nw_69,machsuite_intel,273.75,110034.2,199632,0,184,1860
nw,nw_144,machsuite_intel,248.14,110557.6,202185,0,192,1860
nw,nw_226,machsuite_intel,310.46,18870.0,33803,0,33,298
nw,nw_227,machsuite_intel,335.12,24626.7,45235,0,55,384
nw,nw_228,machsuite_intel,326.48,37622.0,68567,0,96,576
nw,nw_229,machsuite_intel,321.75,25356.9,45247,0,52,400
nw,nw_230,machsuite_intel,328.08,31567.0,56833,0,72,479
sort_radix,sort_radix_1,machsuite_intel,309.98,16341.3,28049,0,56,239
sort_radix,sort_radix_2,machsuite_intel,266.81,33606.4,55147,0,112,649
sort_radix,sort_radix_3,machsuite_intel,231.0,61198.3,104763,0,182,1279
sort_radix,sort_radix_4,machsuite_intel,193.95,113264.6,203497,0,448,2185
sort_radix,sort_radix_5,machsuite_intel,147.41,236052.2,446311,0,844,4121
sort_radix,sort_radix_6,machsuite_intel,309.98,16341.3,28049,0,56,239
sort_radix,sort_radix_7,machsuite_intel,266.81,33606.4,55147,0,112,649
sort_radix,sort_radix_176,machsuite_intel,261.57,8906.5,15671,0,32,103
sort_radix,sort_radix_1,machsuite_intel,317.46,12448.9,21274,0,27,200
sort_radix,sort_radix_351,machsuite_intel,221.63,10378.7,16989,0,48,103
sort_radix,sort_radix_526,machsuite_intel,177.21,13554.3,18832,0,80,103
sort_radix,sort_radix_352,machsuite_intel,265.32,12587.8,22714,0,48,151
sort_radix,sort_radix_2,machsuite_intel,309.69,18686.5,32095,0,30,329
sort_radix,sort_radix_177,machsuite_intel,296.3,20379.9,33364,0,42,320
sort_radix,sort_radix_527,machsuite_intel,228.68,16170.2,25557,0,80,151
sort_radix,sort_radix_528,machsuite_intel,238.55,20447.1,34074,0,80,207
sort_radix,sort_radix_3,machsuite_intel,273.07,29949.3,52473,0,38,545
sort_radix,sort_radix_353,machsuite_intel,259.54,34228.1,55905,0,70,532
sort_radix,sort_radix_178,machsuite_intel,266.1,31755.3,52218,0,44,547
sort_radix,sort_radix_4,machsuite_intel,258.06,54104.2,94282,0,54,977
sort_radix,sort_radix_354,machsuite_intel,222.92,56416.4,93461,0,72,983
sort_radix,sort_radix_179,machsuite_intel,252.53,55120.1,92911,0,60,979
sort_radix,sort_radix_529,machsuite_intel,211.73,64668.1,101705,0,126,956
sort_radix,sort_radix_356,machsuite_intel,219.59,13932.0,24268,0,48,175
sort_radix,sort_radix_181,machsuite_intel,255.56,12345.2,22837,0,32,175
sort_radix,sort_radix_531,machsuite_intel,178.83,17586.5,26372,0,80,175
sort_radix,sort_radix_6,machsuite_intel,317.46,15129.3,27436,0,27,282
sort_radix,sort_radix_357,machsuite_intel,255.1,16210.7,29972,0,48,223
sort_radix,sort_radix_182,machsuite_intel,260.62,23153.5,39167,0,42,402
sort_radix,sort_radix_532,machsuite_intel,226.86,20043.5,33016,0,80,223
sort_radix,sort_radix_7,machsuite_intel,300.03,21869.7,38642,0,30,411
sort_radix,sort_radix_533,machsuite_intel,227.22,24590.6,41450,0,80,279
sort_radix,sort_radix_358,machsuite_intel,253.68,37436.1,62330,0,70,614
sort_radix,sort_radix_183,machsuite_intel,261.1,34572.3,58198,0,44,629
sort_radix,sort_radix_8,machsuite_intel,268.1,32946.6,58442,0,38,627
sort_radix,sort_radix_184,machsuite_intel,236.52,58222.2,98926,0,60,1061
sort_radix,sort_radix_359,machsuite_intel,222.62,59977.2,99697,0,72,1065
sort_radix,sort_radix_9,machsuite_intel,248.88,56944.5,99719,0,54,1059
sort_radix,sort_radix_186,machsuite_intel,251.26,18688.3,37556,0,32,298
sort_radix,sort_radix_361,machsuite_intel,249.19,24510.1,42156,0,52,437
sort_radix,sort_radix_536,machsuite_intel,226.81,27484.4,44904,0,84,425
sort_radix,sort_radix_11,machsuite_intel,288.68,20384.3,38689,0,27,428
sort_radix,sort_radix_362,machsuite_intel,235.35,23323.2,44596,0,48,346
sort_radix,sort_radix_187,machsuite_intel,270.12,28801.9,51276,0,42,548
sort_radix,sort_radix_537,machsuite_intel,207.51,27991.7,48088,0,80,346
sort_radix,sort_radix_12,machsuite_intel,284.66,27018.0,49960,0,30,557
sort_radix,sort_radix_188,machsuite_intel,253.55,40220.4,70046,0,44,775
sort_radix,sort_radix_363,machsuite_intel,235.02,44065.1,74038,0,70,760
sort_radix,sort_radix_538,machsuite_intel,206.4,31870.2,56711,0,80,402
sort_radix,sort_radix_13,machsuite_intel,271.0,38339.0,70820,0,38,773
sort_radix,sort_radix_189,machsuite_intel,226.91,64286.8,110780,0,60,1207
sort_radix,sort_radix_364,machsuite_intel,220.22,65842.4,111561,0,72,1211
sort_radix,sort_radix_14,machsuite_intel,232.4,61804.3,110971,0,54,1205
sort_radix,sort_radix_191,machsuite_intel,248.82,36576.5,70490,0,36,822
sort_radix,sort_radix_366,machsuite_intel,229.57,39145.4,72327,0,52,822
sort_radix,sort_radix_541,machsuite_intel,215.98,42784.2,75727,0,84,822
sort_radix,sort_radix_16,machsuite_intel,268.02,33364.5,69148,0,27,813
sort_radix,sort_radix_367,machsuite_intel,218.15,40530.7,84727,0,48,664
sort_radix,sort_radix_192,machsuite_intel,243.55,42426.2,81018,0,42,933
sort_radix,sort_radix_542,machsuite_intel,210.04,51531.3,87679,0,92,938
sort_radix,sort_radix_17,machsuite_intel,267.95,39573.9,80162,0,30,942
sort_radix,sort_radix_193,machsuite_intel,226.45,53789.0,99871,0,44,1160
sort_radix,sort_radix_368,machsuite_intel,214.78,58430.4,104364,0,70,1145
sort_radix,sort_radix_543,machsuite_intel,198.33,51246.0,97304,0,80,720
sort_radix,sort_radix_18,machsuite_intel,256.74,51148.6,100629,0,38,1158
sort_radix,sort_radix_376,machsuite_intel,228.94,11919.4,19450,0,42,133
sort_radix,sort_radix_201,machsuite_intel,261.16,9876.8,17584,0,26,133
sort_radix,sort_radix_551,machsuite_intel,168.44,15820.8,22315,0,74,133
sort_radix,sort_radix_377,machsuite_intel,245.88,15901.2,26022,0,42,231
sort_radix,sort_radix_202,machsuite_intel,285.63,20284.1,33266,0,34,361
sort_radix,sort_radix_552,machsuite_intel,223.31,18471.4,30092,0,74,185
sort_radix,sort_radix_203,machsuite_intel,264.83,33186.5,54473,0,44,605
sort_radix,sort_radix_378,machsuite_intel,245.58,37602.4,59571,0,72,599
sort_radix,sort_radix_553,machsuite_intel,228.89,24102.9,40146,0,76,263
sort_radix,sort_radix_26,machsuite_intel,308.55,14030.0,24108,0,24,249
sort_radix,sort_radix_27,machsuite_intel,306.09,20113.6,34385,0,28,381
sort_radix,sort_radix_204,machsuite_intel,239.35,57458.8,94431,0,60,1053
sort_radix,sort_radix_379,machsuite_intel,230.89,58791.3,96327,0,76,1053
sort_radix,sort_radix_554,machsuite_intel,213.13,69236.4,106748,0,136,1047
sort_radix,sort_radix_28,machsuite_intel,275.41,31258.6,54270,0,36,605
sort_radix,sort_radix_29,machsuite_intel,255.17,54926.6,95671,0,52,1053
sort_radix,sort_radix_206,machsuite_intel,266.31,13199.5,24978,0,26,205
sort_radix,sort_radix_381,machsuite_intel,225.17,15562.7,26760,0,42,205
sort_radix,sort_radix_556,machsuite_intel,190.95,19768.8,29873,0,74,205
sort_radix,sort_radix_382,machsuite_intel,244.92,19501.4,33400,0,42,303
sort_radix,sort_radix_207,machsuite_intel,268.82,23000.1,39165,0,34,443
sort_radix,sort_radix_557,machsuite_intel,215.19,22495.9,37636,0,74,257
sort_radix,sort_radix_208,machsuite_intel,252.72,36760.7,60316,0,44,687
sort_radix,sort_radix_383,machsuite_intel,242.01,40134.8,65931,0,72,681
sort_radix,sort_radix_558,machsuite_intel,212.31,28051.2,47601,0,76,335
sort_radix,sort_radix_31,machsuite_intel,309.31,16605.8,29940,0,24,331
sort_radix,sort_radix_32,machsuite_intel,294.64,22760.9,40242,0,28,463
sort_radix,sort_radix_209,machsuite_intel,233.54,60673.7,100439,0,60,1135
sort_radix,sort_radix_384,machsuite_intel,227.63,62224.9,102438,0,76,1135
sort_radix,sort_radix_33,machsuite_intel,264.48,34174.4,60551,0,36,687
sort_radix,sort_radix_34,machsuite_intel,243.07,57793.9,100543,0,52,1135
sort_radix,sort_radix_211,machsuite_intel,240.67,19689.7,39287,0,26,328
sort_radix,sort_radix_386,machsuite_intel,242.95,25927.4,44724,0,46,473
sort_radix,sort_radix_561,machsuite_intel,220.46,29439.9,48603,0,78,461
sort_radix,sort_radix_212,machsuite_intel,260.76,28682.0,50960,0,34,589
sort_radix,sort_radix_387,machsuite_intel,225.53,26477.6,47962,0,42,426
sort_radix,sort_radix_562,machsuite_intel,203.5,30100.6,52531,0,74,380
sort_radix,sort_radix_213,machsuite_intel,245.04,41718.2,72287,0,44,833
sort_radix,sort_radix_388,machsuite_intel,235.96,46635.2,77727,0,72,827
sort_radix,sort_radix_563,machsuite_intel,206.19,36099.3,62929,0,76,458
sort_radix,sort_radix_36,machsuite_intel,275.33,21916.2,41295,0,24,477
sort_radix,sort_radix_37,machsuite_intel,273.6,28235.0,52467,0,28,609
sort_radix,sort_radix_214,machsuite_intel,226.76,66304.1,112440,0,60,1281
sort_radix,sort_radix_38,machsuite_intel,270.2,40319.6,72540,0,36,833
sort_radix,sort_radix_39,machsuite_intel,252.21,62853.1,113197,0,52,1281
sort_radix,sort_radix_216,machsuite_intel,235.4,37004.5,72352,0,30,858
sort_radix,sort_radix_391,machsuite_intel,234.03,40010.3,75114,0,46,858
sort_radix,sort_radix_566,machsuite_intel,202.1,45064.3,79264,0,78,858
sort_radix,sort_radix_217,machsuite_intel,248.69,42268.4,81288,0,34,974
sort_radix,sort_radix_392,machsuite_intel,211.91,44056.9,88069,0,42,744
sort_radix,sort_radix_567,machsuite_intel,204.92,54139.3,91987,0,86,980
sort_radix,sort_radix_218,machsuite_intel,232.67,55392.4,102067,0,44,1218
sort_radix,sort_radix_41,machsuite_intel,266.95,35035.5,71629,0,24,862
sort_radix,sort_radix_568,machsuite_intel,190.22,55235.2,103239,0,76,776
sort_radix,sort_radix_42,machsuite_intel,254.0,40889.4,81906,0,28,994
sort_radix,sort_radix_43,machsuite_intel,250.38,52536.0,102242,0,36,1218
sort_radix,sort_radix_226,machsuite_intel,248.51,6540.3,13737,0,16,75
sort_radix,sort_radix_401,machsuite_intel,226.6,8213.2,15242,0,32,75
sort_radix,sort_radix_576,machsuite_intel,186.74,10390.1,18416,0,64,75
sort_radix,sort_radix_227,machsuite_intel,268.82,17333.2,30883,0,26,279
sort_radix,sort_radix_402,machsuite_intel,231.64,10763.0,21417,0,32,127
sort_radix,sort_radix_577,machsuite_intel,204.16,13836.3,24535,0,64,127
sort_radix,sort_radix_228,machsuite_intel,261.99,28355.9,48778,0,28,503
sort_radix,sort_radix_403,machsuite_intel,232.18,31665.5,52763,0,54,499
sort_radix,sort_radix_578,machsuite_intel,196.46,18760.5,33992,0,64,191
sort_radix,sort_radix_229,machsuite_intel,240.27,51362.4,87722,0,44,935
sort_radix,sort_radix_404,machsuite_intel,229.73,52648.4,88580,0,56,939
sort_radix,sort_radix_579,machsuite_intel,196.58,61403.8,97262,0,110,939
sort_radix,sort_radix_51,machsuite_intel,309.21,13739.1,24103,0,14,241
sort_radix,sort_radix_52,machsuite_intel,303.67,19823.4,34345,0,18,373
sort_radix,sort_radix_231,machsuite_intel,242.42,10045.5,20894,0,16,147
sort_radix,sort_radix_53,machsuite_intel,270.71,32116.7,54733,0,26,597
sort_radix,sort_radix_406,machsuite_intel,219.2,11703.7,22547,0,32,147
sort_radix,sort_radix_581,machsuite_intel,187.37,14711.0,26036,0,64,147
sort_radix,sort_radix_232,machsuite_intel,271.0,20840.4,38057,0,26,351
sort_radix,sort_radix_407,machsuite_intel,230.36,14387.5,28726,0,32,199
sort_radix,sort_radix_582,machsuite_intel,196.7,17679.6,32150,0,64,199
sort_radix,sort_radix_233,machsuite_intel,262.19,31366.2,56176,0,28,575
sort_radix,sort_radix_54,machsuite_intel,252.84,54391.2,94759,0,42,1045
sort_radix,sort_radix_408,machsuite_intel,235.18,35190.5,60167,0,54,571
sort_radix,sort_radix_583,machsuite_intel,188.25,22927.9,41656,0,64,263
sort_radix,sort_radix_234,machsuite_intel,246.24,54564.0,95075,0,44,1007
sort_radix,sort_radix_409,machsuite_intel,226.45,56201.5,96112,0,56,1011
sort_radix,sort_radix_584,machsuite_intel,196.5,65514.6,104885,0,110,1011
sort_radix,sort_radix_56,machsuite_intel,305.44,16380.3,30226,0,14,323
sort_radix,sort_radix_57,machsuite_intel,296.91,22808.1,40815,0,18,455
sort_radix,sort_radix_236,machsuite_intel,242.54,16633.6,35391,0,16,270
sort_radix,sort_radix_58,machsuite_intel,270.12,34508.8,60520,0,26,679
sort_radix,sort_radix_411,machsuite_intel,222.82,18702.4,37207,0,32,270
sort_radix,sort_radix_586,machsuite_intel,184.54,23486.4,41078,0,64,270
sort_radix,sort_radix_237,machsuite_intel,254.13,27069.0,52704,0,26,474
sort_radix,sort_radix_412,machsuite_intel,216.68,21204.1,43411,0,32,322
sort_radix,sort_radix_587,machsuite_intel,190.01,25896.0,47187,0,64,322
sort_radix,sort_radix_59,machsuite_intel,242.54,57508.8,101175,0,42,1127
sort_radix,sort_radix_238,machsuite_intel,246.61,37653.3,70715,0,28,698
sort_radix,sort_radix_588,machsuite_intel,194.21,30902.0,56799,0,64,386
sort_radix,sort_radix_413,machsuite_intel,215.24,41798.5,75020,0,54,694
sort_radix,sort_radix_239,machsuite_intel,232.02,60828.0,109901,0,44,1130
sort_radix,sort_radix_414,machsuite_intel,215.42,63289.9,110803,0,56,1134
sort_radix,sort_radix_61,machsuite_intel,297.09,21638.3,42732,0,14,469
sort_radix,sort_radix_62,machsuite_intel,284.66,27634.9,52231,0,18,601
sort_radix,sort_radix_241,machsuite_intel,229.04,32769.3,75171,0,16,588
sort_radix,sort_radix_416,machsuite_intel,232.83,40297.2,76293,0,40,868
sort_radix,sort_radix_63,machsuite_intel,262.4,38861.3,72568,0,26,825
sort_radix,sort_radix_591,machsuite_intel,220.22,44971.3,80574,0,72,868
sort_radix,sort_radix_417,machsuite_intel,216.83,38613.8,83512,0,32,640
sort_radix,sort_radix_242,machsuite_intel,242.72,43827.7,92563,0,26,792
sort_radix,sort_radix_592,machsuite_intel,188.61,44259.6,87845,0,64,640
sort_radix,sort_radix_64,machsuite_intel,237.98,62702.4,112198,0,42,1273
sort_radix,sort_radix_418,machsuite_intel,209.25,59072.9,114986,0,54,1012
sort_radix,sort_radix_593,machsuite_intel,186.5,49264.1,97353,0,64,704
sort_radix,sort_radix_243,machsuite_intel,223.86,53965.5,110269,0,28,1016
sort_radix,sort_radix_66,machsuite_intel,271.89,34337.0,72029,0,14,854
sort_radix,sort_radix_67,machsuite_intel,261.92,40314.2,81937,0,18,986
sort_radix,sort_radix_68,machsuite_intel,251.95,51842.9,102758,0,26,1210
sort_radix,sort_radix_426,machsuite_intel,234.41,9894.7,19473,0,32,95
sort_radix,sort_radix_601,machsuite_intel,189.9,12370.2,22449,0,64,95
sort_radix,sort_radix_251,machsuite_intel,249.63,15553.0,27393,0,19,235
sort_radix,sort_radix_427,machsuite_intel,243.13,12373.0,25494,0,32,147
sort_radix,sort_radix_602,machsuite_intel,221.68,15243.5,28554,0,64,147
sort_radix,sort_radix_252,machsuite_intel,292.57,27143.5,45437,0,34,463
sort_radix,sort_radix_603,machsuite_intel,226.04,20134.0,38081,0,64,211
sort_radix,sort_radix_428,machsuite_intel,256.61,32778.2,56860,0,54,519
sort_radix,sort_radix_253,machsuite_intel,259.94,38072.4,63792,0,38,695
sort_radix,sort_radix_429,machsuite_intel,237.14,54156.8,92692,0,56,959
sort_radix,sort_radix_604,machsuite_intel,211.69,62817.5,101512,0,110,959
sort_radix,sort_radix_254,machsuite_intel,242.31,62031.2,103643,0,54,1141
sort_radix,sort_radix_431,machsuite_intel,221.29,13392.5,26598,0,32,167
sort_radix,sort_radix_606,machsuite_intel,191.68,16481.5,30097,0,64,167
sort_radix,sort_radix_432,machsuite_intel,241.25,16131.8,32789,0,32,219
sort_radix,sort_radix_607,machsuite_intel,216.4,19195.1,36170,0,64,219
sort_radix,sort_radix_76,machsuite_intel,303.12,18897.5,32552,0,18,351
sort_radix,sort_radix_256,machsuite_intel,250.75,18809.0,34475,0,19,307
sort_radix,sort_radix_608,machsuite_intel,223.76,24360.9,45706,0,64,283
sort_radix,sort_radix_433,machsuite_intel,246.24,36693.6,64291,0,54,591
sort_radix,sort_radix_77,machsuite_intel,277.16,25272.0,43024,0,22,483
sort_radix,sort_radix_257,machsuite_intel,267.31,30076.8,51485,0,34,545
sort_radix,sort_radix_78,machsuite_intel,277.09,37058.5,63240,0,30,707
sort_radix,sort_radix_258,machsuite_intel,266.17,40678.6,69706,0,38,775
sort_radix,sort_radix_434,machsuite_intel,238.1,57463.5,100260,0,56,1031
sort_radix,sort_radix_79,machsuite_intel,242.6,59696.9,103105,0,46,1155
sort_radix,sort_radix_259,machsuite_intel,240.91,65220.1,109681,0,54,1223
sort_radix,sort_radix_611,machsuite_intel,185.91,25063.5,45128,0,64,290
sort_radix,sort_radix_436,machsuite_intel,230.41,20309.2,41348,0,32,290
sort_radix,sort_radix_612,machsuite_intel,214.78,26903.0,51335,0,64,342
sort_radix,sort_radix_437,machsuite_intel,230.2,22851.6,47576,0,32,342
sort_radix,sort_radix_81,machsuite_intel,298.78,21935.6,38919,0,18,433
sort_radix,sort_radix_261,machsuite_intel,245.58,25145.6,49038,0,19,430
sort_radix,sort_radix_613,machsuite_intel,213.31,31478.2,61037,0,64,406
sort_radix,sort_radix_438,machsuite_intel,241.49,43233.6,79450,0,54,714
sort_radix,sort_radix_82,machsuite_intel,282.33,27958.0,49483,0,22,565
sort_radix,sort_radix_262,machsuite_intel,262.05,35760.7,63179,0,34,691
sort_radix,sort_radix_83,machsuite_intel,272.55,38884.0,69545,0,30,789
sort_radix,sort_radix_263,machsuite_intel,250.56,46184.9,81513,0,38,921
sort_radix,sort_radix_616,machsuite_intel,176.83,43509.4,85771,0,64,608
sort_radix,sort_radix_441,machsuite_intel,208.59,38049.3,81407,0,32,608
sort_radix,sort_radix_617,machsuite_intel,204.75,45711.3,92048,0,64,660
sort_radix,sort_radix_86,machsuite_intel,284.98,27094.7,50568,0,18,579
sort_radix,sort_radix_442,machsuite_intel,216.03,39995.0,87640,0,32,660
sort_radix,sort_radix_266,machsuite_intel,231.05,41520.1,88834,0,19,748
sort_radix,sort_radix_87,machsuite_intel,272.11,32599.4,61018,0,22,711
sort_radix,sort_radix_618,machsuite_intel,194.1,50902.0,101507,0,64,724
sort_radix,sort_radix_443,machsuite_intel,210.84,60594.3,118972,0,54,1032
sort_radix,sort_radix_267,machsuite_intel,235.35,49410.2,93193,0,34,1076
sort_radix,sort_radix_88,machsuite_intel,266.52,44226.9,81222,0,30,935
sort_radix,sort_radix_91,machsuite_intel,271.74,39433.2,80331,0,18,964
sort_radix,sort_radix_92,machsuite_intel,258.4,45489.9,91194,0,22,1096
sort_radix,sort_radix_626,machsuite_intel,194.97,16126.6,30943,0,64,135
sort_radix,sort_radix_627,machsuite_intel,234.08,18612.6,37068,0,64,187
sort_radix,sort_radix_451,machsuite_intel,219.97,27935.6,47322,0,39,428
sort_radix,sort_radix_628,machsuite_intel,229.04,23541.6,46594,0,64,251
sort_radix,sort_radix_452,machsuite_intel,239.64,30164.3,53680,0,39,480
sort_radix,sort_radix_276,machsuite_intel,247.22,25805.6,44283,0,16,471
sort_radix,sort_radix_453,machsuite_intel,257.0,53563.3,88198,0,74,893
sort_radix,sort_radix_629,machsuite_intel,215.15,66112.0,110163,0,110,999
sort_radix,sort_radix_277,machsuite_intel,265.53,37666.1,62849,0,40,693
sort_radix,sort_radix_278,machsuite_intel,265.82,48078.9,81135,0,44,923
sort_radix,sort_radix_631,machsuite_intel,186.12,20383.6,38615,0,64,207
sort_radix,sort_radix_632,machsuite_intel,221.39,22777.8,44716,0,64,259
sort_radix,sort_radix_633,machsuite_intel,225.89,27418.7,54277,0,64,323
sort_radix,sort_radix_456,machsuite_intel,221.88,31596.8,54862,0,39,500
sort_radix,sort_radix_457,machsuite_intel,242.9,33757.0,61053,0,39,552
sort_radix,sort_radix_458,machsuite_intel,248.82,56782.8,94285,0,74,975
sort_radix,sort_radix_281,machsuite_intel,254.07,29135.0,51832,0,16,543
sort_radix,sort_radix_101,machsuite_intel,282.97,29807.2,51119,0,26,567
sort_radix,sort_radix_102,machsuite_intel,285.31,35836.3,61856,0,30,699
sort_radix,sort_radix_282,machsuite_intel,264.41,40467.9,68970,0,40,775
sort_radix,sort_radix_636,machsuite_intel,182.45,28548.2,53612,0,64,330
sort_radix,sort_radix_283,machsuite_intel,250.5,51747.8,87228,0,44,1005
sort_radix,sort_radix_103,machsuite_intel,260.89,47698.9,81736,0,38,923
sort_radix,sort_radix_637,machsuite_intel,212.59,30253.5,60063,0,64,382
sort_radix,sort_radix_638,machsuite_intel,214.82,34857.7,69673,0,64,446
sort_radix,sort_radix_461,machsuite_intel,201.13,38020.8,69621,0,39,623
sort_radix,sort_radix_462,machsuite_intel,235.46,40543.8,76121,0,39,675
sort_radix,sort_radix_286,machsuite_intel,252.72,35497.0,66430,0,16,667
sort_radix,sort_radix_106,machsuite_intel,280.5,32139.4,57259,0,26,649
sort_radix,sort_radix_463,machsuite_intel,245.04,62610.8,106193,0,74,1121
sort_radix,sort_radix_107,machsuite_intel,267.59,38842.3,67756,0,30,781
sort_radix,sort_radix_287,machsuite_intel,253.74,45890.1,80616,0,40,922
sort_radix,sort_radix_641,machsuite_intel,181.23,47280.5,94338,0,64,648
sort_radix,sort_radix_108,machsuite_intel,262.33,50837.7,87560,0,38,1005
sort_radix,sort_radix_288,machsuite_intel,240.04,57030.2,98850,0,44,1152
sort_radix,sort_radix_642,machsuite_intel,203.83,49373.0,100609,0,64,700
sort_radix,sort_radix_643,machsuite_intel,201.25,53960.6,110157,0,64,764
sort_radix,sort_radix_466,machsuite_intel,200.44,56455.5,109591,0,39,941
sort_radix,sort_radix_467,machsuite_intel,210.17,57825.3,115779,0,39,993
sort_radix,sort_radix_111,machsuite_intel,262.95,37152.4,68905,0,26,795
sort_radix,sort_radix_291,machsuite_intel,230.04,52120.7,105786,0,16,986
sort_radix,sort_radix_112,machsuite_intel,261.3,43962.6,79447,0,30,927
sort_radix,sort_radix_292,machsuite_intel,233.43,60157.4,110785,0,40,1308
sort_radix,sort_radix_113,machsuite_intel,253.87,55048.4,99401,0,38,1150
sort_radix,sort_radix_116,machsuite_intel,258.46,50272.2,99196,0,26,1180
sort_radix,sort_radix_117,machsuite_intel,250.25,56374.3,109771,0,30,1312
sort_radix,sort_radix_651,machsuite_intel,189.79,52067.2,87612,0,79,812
sort_radix,sort_radix_652,machsuite_intel,217.58,54256.8,93729,0,79,864
sort_radix,sort_radix_653,machsuite_intel,248.63,58667.9,103523,0,79,928
sort_radix,sort_radix_476,machsuite_intel,217.82,47883.5,81279,0,32,903
sort_radix,sort_radix_477,machsuite_intel,249.5,50392.2,87490,0,32,955
sort_radix,sort_radix_301,machsuite_intel,236.97,47383.5,79931,0,16,903
sort_radix,sort_radix_656,machsuite_intel,175.1,56273.2,95203,0,79,884
sort_radix,sort_radix_302,machsuite_intel,256.21,59495.1,99567,0,56,1125
sort_radix,sort_radix_657,machsuite_intel,214.18,58721.7,101368,0,79,936
sort_radix,sort_radix_303,machsuite_intel,229.67,70475.1,117621,0,60,1355
sort_radix,sort_radix_658,machsuite_intel,227.63,62948.5,111051,0,79,1000
sort_radix,sort_radix_481,machsuite_intel,212.0,51407.5,88480,0,32,975
sort_radix,sort_radix_482,machsuite_intel,238.89,53815.8,94773,0,32,1027
sort_radix,sort_radix_126,machsuite_intel,248.63,50870.1,87931,0,42,996
sort_radix,sort_radix_306,machsuite_intel,231.8,50542.9,87200,0,16,975
sort_radix,sort_radix_661,machsuite_intel,170.59,63633.9,110484,0,79,1007
sort_radix,sort_radix_127,machsuite_intel,250.82,57797.0,98779,0,46,1128
sort_radix,sort_radix_307,machsuite_intel,239.35,62717.3,105497,0,56,1207
sort_radix,sort_radix_662,machsuite_intel,208.81,65743.3,116884,0,79,1059
sort_radix,sort_radix_486,machsuite_intel,204.46,58370.8,103464,0,32,1097
sort_radix,sort_radix_487,machsuite_intel,229.52,60297.4,109747,0,32,1149
sort_radix,sort_radix_131,machsuite_intel,261.37,53685.3,94329,0,42,1078
sort_radix,sort_radix_311,machsuite_intel,218.15,56454.7,101962,0,16,1098
sort_radix,sort_radix_132,machsuite_intel,237.59,60621.2,105164,0,46,1210
sort_radix,sort_radix_136,machsuite_intel,245.88,58900.0,105896,0,42,1225
spmv_crs,spmv_crs_1,machsuite_intel,508.13,9779.8,25303,8,39,117
spmv_crs,spmv_crs_2,machsuite_intel,470.59,16852.5,44223,16,68,196
spmv_crs,spmv_crs_3,machsuite_intel,436.68,31094.1,82373,32,124,357
spmv_crs,spmv_crs_4,machsuite_intel,372.3,60401.3,158391,64,267,681
spmv_crs,spmv_crs_5,machsuite_intel,321.44,120193.5,313324,128,577,1390
spmv_crs,spmv_crs_6,machsuite_intel,302.94,238947.7,620984,256,1561,2806
spmv_crs,spmv_crs_7,machsuite_intel,507.1,11993.3,30900,8,46,158
spmv_crs,spmv_crs_8,machsuite_intel,507.36,26843.0,68675,16,111,422
spmv_crs,spmv_crs_9,machsuite_intel,425.89,54074.6,138047,32,227,878
spmv_crs,spmv_crs_10,machsuite_intel,366.57,108345.4,275393,64,459,1790
spmv_crs,spmv_crs_11,machsuite_intel,312.21,217347.9,548019,128,924,3582
spmv_crs,spmv_crs_12,machsuite_intel,507.61,10640.3,26629,8,37,141
spmv_crs,spmv_crs_13,machsuite_intel,444.84,18051.2,46379,16,66,236
spmv_crs,spmv_crs_14,machsuite_intel,434.97,32935.8,86401,32,123,429
spmv_crs,spmv_crs_15,machsuite_intel,362.19,63939.9,165367,64,266,817
spmv_crs,spmv_crs_16,machsuite_intel,313.09,126743.6,325439,128,576,1654
spmv_crs,spmv_crs_17,machsuite_intel,299.58,251603.3,643883,256,1560,3326
spmv_crs,spmv_crs_18,machsuite_intel,507.87,12814.4,32065,8,42,182
spmv_crs,spmv_crs_19,machsuite_intel,501.76,25955.9,66267,16,110,386
spmv_crs,spmv_crs_20,machsuite_intel,428.63,56207.7,141360,32,231,942
spmv_crs,spmv_crs_21,machsuite_intel,359.32,111422.6,282953,64,463,1918
spmv_crs,spmv_crs_22,machsuite_intel,308.64,224249.0,562900,128,928,3838
spmv_crs,spmv_crs_23,machsuite_intel,507.36,11912.3,28927,8,45,165
spmv_crs,spmv_crs_24,machsuite_intel,465.98,19869.5,49942,16,82,276
spmv_crs,spmv_crs_25,machsuite_intel,405.84,35999.0,91903,32,155,501
spmv_crs,spmv_crs_26,machsuite_intel,388.8,68937.3,177253,64,330,953
spmv_crs,spmv_crs_27,machsuite_intel,304.51,136508.1,349740,128,704,1918
spmv_crs,spmv_crs_28,machsuite_intel,244.62,272330.0,687578,256,1816,3846
spmv_crs,spmv_crs_29,machsuite_intel,502.26,13715.9,34005,8,50,206
spmv_crs,spmv_crs_30,machsuite_intel,477.55,27424.2,69395,16,118,434
spmv_crs,spmv_crs_31,machsuite_intel,448.83,54635.9,139890,32,266,874
spmv_crs,spmv_crs_32,machsuite_intel,367.24,116977.2,294850,64,535,2046
spmv_crs,spmv_crs_33,machsuite_intel,330.25,233283.7,585964,128,1064,4094
spmv_crs,spmv_crs_34,machsuite_intel,507.1,14680.3,35853,8,29,277
spmv_crs,spmv_crs_35,machsuite_intel,467.95,24639.2,61968,16,50,484
spmv_crs,spmv_crs_36,machsuite_intel,424.45,44749.8,112590,32,91,901
spmv_crs,spmv_crs_37,machsuite_intel,411.69,84992.9,214970,64,202,1737
spmv_crs,spmv_crs_38,machsuite_intel,333.33,168222.9,424514,128,448,3470
spmv_crs,spmv_crs_39,machsuite_intel,273.07,331484.0,836054,256,1304,6934
spmv_crs,spmv_crs_40,machsuite_intel,507.1,16785.0,41042,8,34,318
spmv_crs,spmv_crs_41,machsuite_intel,504.8,32438.0,82191,16,86,642
spmv_crs,spmv_crs_42,machsuite_intel,449.03,63463.0,160065,32,186,1290
spmv_crs,spmv_crs_43,machsuite_intel,416.67,124699.8,317393,64,418,2554
spmv_crs,spmv_crs_44,machsuite_intel,337.5,265224.6,659168,128,824,5630
spmv_ellpack,spmv_ellpack_1,machsuite_intel,507.61,7469.7,19070,8,31,60
spmv_ellpack,spmv_ellpack_2,machsuite_intel,487.57,13212.4,34391,16,40,115
spmv_ellpack,spmv_ellpack_3,machsuite_intel,433.46,24689.2,65254,32,62,228
spmv_ellpack,spmv_ellpack_4,machsuite_intel,501.5,26995.4,73419,40,52,261
spmv_ellpack,spmv_ellpack_5,machsuite_intel,508.91,9489.3,23091,8,31,129
spmv_ellpack,spmv_ellpack_6,machsuite_intel,507.61,12631.4,32831,16,16,113
spmv_ellpack,spmv_ellpack_7,machsuite_intel,476.64,24817.9,64600,32,20,225
spmv_ellpack,spmv_ellpack_8,machsuite_intel,433.28,49865.8,127353,64,28,449
spmv_ellpack,spmv_ellpack_9,machsuite_intel,354.11,98576.1,254900,128,44,897
spmv_ellpack,spmv_ellpack_10,machsuite_intel,305.06,196433.2,507110,256,76,1793
spmv_ellpack,spmv_ellpack_11,machsuite_intel,233.97,391374.4,1005778,512,140,3585
spmv_ellpack,spmv_ellpack_13,machsuite_intel,508.39,8334.6,20312,8,25,84
spmv_ellpack,spmv_ellpack_14,machsuite_intel,480.31,14441.3,36691,16,29,155
spmv_ellpack,spmv_ellpack_15,machsuite_intel,454.55,26494.6,68869,32,43,300
spmv_ellpack,spmv_ellpack_16,machsuite_intel,502.51,29018.6,78714,40,40,349
spmv_ellpack,spmv_ellpack_17,machsuite_intel,501.76,9697.1,23348,8,32,113
spmv_ellpack,spmv_ellpack_18,machsuite_intel,503.78,13508.1,34499,16,12,129
spmv_ellpack,spmv_ellpack_19,machsuite_intel,413.05,26132.5,66486,32,16,241
spmv_ellpack,spmv_ellpack_20,machsuite_intel,381.24,51844.0,130306,64,24,465
spmv_ellpack,spmv_ellpack_21,machsuite_intel,322.79,102393.4,258365,128,40,913
spmv_ellpack,spmv_ellpack_22,machsuite_intel,264.34,201596.7,512551,256,72,1809
spmv_ellpack,spmv_ellpack_23,machsuite_intel,208.46,401853.0,1024498,512,136,3601
spmv_ellpack,spmv_ellpack_25,machsuite_intel,502.51,9528.3,22761,8,29,108
spmv_ellpack,spmv_ellpack_26,machsuite_intel,451.88,16191.1,40402,16,41,195
spmv_ellpack,spmv_ellpack_27,machsuite_intel,427.9,29235.1,75528,32,65,372
spmv_ellpack,spmv_ellpack_28,machsuite_intel,502.51,32302.0,87251,40,74,437
spmv_ellpack,spmv_ellpack_29,machsuite_intel,508.13,11111.4,25869,8,44,137
spmv_ellpack,spmv_ellpack_30,machsuite_intel,438.4,15216.2,37089,16,16,145
spmv_ellpack,spmv_ellpack_31,machsuite_intel,388.35,28393.8,69419,32,20,257
spmv_ellpack,spmv_ellpack_32,machsuite_intel,342.82,54862.0,133947,64,28,481
spmv_ellpack,spmv_ellpack_33,machsuite_intel,284.66,108068.4,261727,128,44,929
spmv_ellpack,spmv_ellpack_34,machsuite_intel,248.69,214610.9,515274,256,76,1825
spmv_ellpack,spmv_ellpack_35,machsuite_intel,188.32,422942.7,1027211,512,140,3617
spmv_ellpack,spmv_ellpack_37,machsuite_intel,477.78,12295.6,27270,8,41,156
spmv_ellpack,spmv_ellpack_38,machsuite_intel,445.24,19882.0,47238,16,65,275
spmv_ellpack,spmv_ellpack_39,machsuite_intel,431.78,35115.0,86024,32,109,516
spmv_ellpack,spmv_ellpack_40,machsuite_intel,444.84,41259.9,103491,40,146,613
spmv_ellpack,spmv_ellpack_41,machsuite_intel,505.56,14037.3,31967,8,68,185
spmv_ellpack,spmv_ellpack_42,machsuite_intel,407.5,18051.1,40640,16,28,177
spmv_ellpack,spmv_ellpack_43,machsuite_intel,330.91,32675.9,74424,32,32,289
spmv_ellpack,spmv_ellpack_44,machsuite_intel,317.76,61357.9,140840,64,40,513
spmv_ellpack,spmv_ellpack_45,machsuite_intel,259.07,116312.9,276440,128,56,961
spmv_ellpack,spmv_ellpack_46,machsuite_intel,214.5,224676.7,527095,256,88,1857
spmv_ellpack,spmv_ellpack_47,machsuite_intel,77.41,432788.4,1029708,512,152,3649
stencil2D,stencil2D_1,machsuite_intel,567.54,7859.8,20842,6,39,150
stencil2D,stencil2D_2,machsuite_intel,596.3,6315.7,15935,6,29,119
stencil2D,stencil2D_3,machsuite_intel,501.5,5711.5,14458,4,9,107
stencil2D,stencil2D_4,machsuite_intel,571.76,8821.9,23759,6,53,160
stencil2D,stencil2D_5,machsuite_intel,498.01,5345.8,13110,4,9,101
stencil2D,stencil2D_6,machsuite_intel,464.47,17144.5,46313,8,52,306
stencil2D,stencil2D_7,machsuite_intel,464.04,34210.3,93227,16,116,602
stencil2D,stencil2D_8,machsuite_intel,380.81,69292.2,187365,32,244,1194
stencil2D,stencil2D_9,machsuite_intel,322.48,138968.8,372597,64,502,2378
stencil2D,stencil2D_10,machsuite_intel,567.54,7859.8,20842,6,39,150
stencil2D,stencil2D_11,machsuite_intel,596.3,6315.7,15935,6,29,119
stencil2D,stencil2D_12,machsuite_intel,501.5,5711.5,14458,4,9,107
stencil2D,stencil2D_13,machsuite_intel,571.76,8821.9,23759,6,53,160
stencil2D,stencil2D_14,machsuite_intel,498.01,5345.8,13110,4,9,101
stencil2D,stencil2D_15,machsuite_intel,464.47,17144.5,46313,8,52,306
stencil2D,stencil2D_16,machsuite_intel,464.04,34210.3,93227,16,116,602
stencil2D,stencil2D_17,machsuite_intel,380.81,69292.2,187365,32,244,1194
stencil2D,stencil2D_18,machsuite_intel,322.48,138968.8,372597,64,502,2378
stencil2D,stencil2D_19,machsuite_intel,567.54,7859.8,20842,6,39,150
stencil2D,stencil2D_20,machsuite_intel,596.3,6315.7,15935,6,29,119
stencil2D,stencil2D_21,machsuite_intel,501.5,5711.5,14458,4,9,107
stencil2D,stencil2D_22,machsuite_intel,571.76,8821.9,23759,6,53,160
stencil2D,stencil2D_23,machsuite_intel,498.01,5345.8,13110,4,9,101
stencil2D,stencil2D_24,machsuite_intel,464.47,17144.5,46313,8,52,306
stencil2D,stencil2D_25,machsuite_intel,464.04,34210.3,93227,16,116,602
stencil2D,stencil2D_26,machsuite_intel,380.81,69292.2,187365,32,244,1194
stencil2D,stencil2D_27,machsuite_intel,380.81,69292.2,187365,32,244,1194
stencil2D,stencil2D_28,machsuite_intel,567.54,7859.8,20842,6,39,150
stencil2D,stencil2D_29,machsuite_intel,596.3,6315.7,15935,6,29,119
stencil2D,stencil2D_30,machsuite_intel,501.5,5711.5,14458,4,9,107
stencil2D,stencil2D_31,machsuite_intel,571.76,8821.9,23759,6,53,160
stencil2D,stencil2D_32,machsuite_intel,498.01,5345.8,13110,4,9,101
stencil2D,stencil2D_33,machsuite_intel,464.47,17144.5,46313,8,52,306
stencil2D,stencil2D_34,machsuite_intel,464.04,34210.3,93227,16,116,602
stencil2D,stencil2D_35,machsuite_intel,380.81,69292.2,187365,32,244,1194
stencil2D,stencil2D_36,machsuite_intel,322.48,138968.8,372597,64,502,2378
stencil2D,stencil2D_37,machsuite_intel,567.54,7859.8,20842,6,39,150
stencil2D,stencil2D_38,machsuite_intel,596.3,6315.7,15935,6,29,119
stencil2D,stencil2D_39,machsuite_intel,501.5,5711.5,14458,4,9,107
stencil2D,stencil2D_40,machsuite_intel,571.76,8821.9,23759,6,53,160
stencil2D,stencil2D_41,machsuite_intel,498.01,5345.8,13110,4,9,101
stencil2D,stencil2D_42,machsuite_intel,464.47,17144.5,46313,8,52,306
stencil2D,stencil2D_43,machsuite_intel,464.04,34210.3,93227,16,116,602
stencil2D,stencil2D_44,machsuite_intel,380.81,69292.2,187365,32,244,1194
stencil2D,stencil2D_45,machsuite_intel,322.48,138968.8,372597,64,502,2378
stencil3D,stencil3D_1,machsuite_intel,599.88,5115.9,13793,8,125,50
stencil3D,stencil3D_2,machsuite_intel,444.84,8585.3,21156,16,143,124
stencil3D,stencil3D_3,machsuite_intel,411.52,11771.4,29520,32,243,152
stencil3D,stencil3D_4,machsuite_intel,362.84,13310.2,34402,56,323,145
stencil3D,stencil3D_5,machsuite_intel,587.2,5150.6,13501,8,125,50
stencil3D,stencil3D_6,machsuite_intel,467.07,8746.0,23864,16,224,101
stencil3D,stencil3D_7,machsuite_intel,411.02,11977.9,33866,32,416,125
stencil3D,stencil3D_8,machsuite_intel,332.67,18395.9,53587,64,800,175
stencil3D,stencil3D_9,machsuite_intel,599.88,5115.9,13793,8,125,50
stencil3D,stencil3D_10,machsuite_intel,444.84,8585.3,21156,16,143,124
stencil3D,stencil3D_11,machsuite_intel,411.52,11771.4,29520,32,243,152
stencil3D,stencil3D_12,machsuite_intel,362.84,13310.2,34402,56,323,145
stencil3D,stencil3D_13,machsuite_intel,587.2,5150.6,13501,8,125,50
stencil3D,stencil3D_14,machsuite_intel,467.07,8746.0,23864,16,224,101
stencil3D,stencil3D_15,machsuite_intel,411.02,11977.9,33866,32,416,125
stencil3D,stencil3D_16,machsuite_intel,332.67,18395.9,53587,64,800,175
stencil3D,stencil3D_17,machsuite_intel,599.88,5115.9,13793,8,125,50
stencil3D,stencil3D_18,machsuite_intel,444.84,8585.3,21156,16,143,124
stencil3D,stencil3D_19,machsuite_intel,411.52,11771.4,29520,32,243,152
stencil3D,stencil3D_20,machsuite_intel,362.84,13310.2,34402,56,323,145
stencil3D,stencil3D_21,machsuite_intel,587.2,5150.6,13501,8,125,50
stencil3D,stencil3D_22,machsuite_intel,467.07,8746.0,23864,16,224,101
stencil3D,stencil3D_23,machsuite_intel,411.02,11977.9,33866,32,416,125
stencil3D,stencil3D_24,machsuite_intel,332.67,18395.9,53587,64,800,175
stencil3D,stencil3D_25,machsuite_intel,599.88,5115.9,13793,8,125,50
stencil3D,stencil3D_26,machsuite_intel,444.84,8585.3,21156,16,143,124
stencil3D,stencil3D_27,machsuite_intel,411.52,11771.4,29520,32,243,152
stencil3D,stencil3D_28,machsuite_intel,362.84,13310.2,34402,56,323,145
stencil3D,stencil3D_29,machsuite_intel,587.2,5150.6,13501,8,125,50
stencil3D,stencil3D_30,machsuite_intel,467.07,8746.0,23864,16,224,101
stencil3D,stencil3D_31,machsuite_intel,411.02,11977.9,33866,32,416,125
stencil3D,stencil3D_32,machsuite_intel,332.67,18395.9,53587,64,800,175
stencil3D,stencil3D_33,machsuite_intel,599.88,5115.9,13793,8,125,50
stencil3D,stencil3D_34,machsuite_intel,444.84,8585.3,21156,16,143,124
stencil3D,stencil3D_35,machsuite_intel,411.52,11771.4,29520,32,243,152
stencil3D,stencil3D_36,machsuite_intel,362.84,13310.2,34402,56,323,145
stencil3D,stencil3D_37,machsuite_intel,587.2,5150.6,13501,8,125,50
stencil3D,stencil3D_38,machsuite_intel,467.07,8746.0,23864,16,224,101
stencil3D,stencil3D_39,machsuite_intel,411.02,11977.9,33866,32,416,125
stencil3D,stencil3D_40,machsuite_intel,332.67,18395.9,53587,64,800,175
stencil3D,stencil3D_41,machsuite_intel,569.15,5082.1,12707,8,97,44
stencil3D,stencil3D_42,machsuite_intel,413.56,8543.2,20915,16,119,108
stencil3D,stencil3D_43,machsuite_intel,388.65,11293.5,27968,32,187,136
stencil3D,stencil3D_44,machsuite_intel,387.3,12022.0,30231,56,179,139
stencil3D,stencil3D_45,machsuite_intel,588.24,5520.3,14269,8,125,44
stencil3D,stencil3D_46,machsuite_intel,423.91,9033.1,24381,16,224,95
stencil3D,stencil3D_47,machsuite_intel,347.71,12658.7,34479,32,416,119
stencil3D,stencil3D_48,machsuite_intel,299.22,19606.4,54782,64,800,169
stencil3D,stencil3D_49,machsuite_intel,569.15,5082.1,12707,8,97,44
stencil3D,stencil3D_50,machsuite_intel,413.56,8543.2,20915,16,119,108
stencil3D,stencil3D_51,machsuite_intel,388.65,11293.5,27968,32,187,136
stencil3D,stencil3D_52,machsuite_intel,387.3,12022.0,30231,56,179,139
stencil3D,stencil3D_53,machsuite_intel,588.24,5520.3,14269,8,125,44
stencil3D,stencil3D_54,machsuite_intel,423.91,9033.1,24381,16,224,95
stencil3D,stencil3D_55,machsuite_intel,347.71,12658.7,34479,32,416,119
stencil3D,stencil3D_56,machsuite_intel,299.22,19606.4,54782,64,800,169
stencil3D,stencil3D_1,machsuite_intel,599.88,5115.9,13793,8,125,50
stencil3D,stencil3D_2,machsuite_intel,444.84,8585.3,21156,16,143,124
stencil3D,stencil3D_3,machsuite_intel,411.52,11771.4,29520,32,243,152
stencil3D,stencil3D_4,machsuite_intel,362.84,13310.2,34402,56,323,145
stencil3D,stencil3D_5,machsuite_intel,587.2,5150.6,13501,8,125,50
stencil3D,stencil3D_6,machsuite_intel,467.07,8746.0,23864,16,224,101
stencil3D,stencil3D_7,machsuite_intel,411.02,11977.9,33866,32,416,125
stencil3D,stencil3D_8,machsuite_intel,332.67,18395.9,53587,64,800,175
stencil3D,stencil3D_9,machsuite_intel,599.88,5115.9,13793,8,125,50
stencil3D,stencil3D_10,machsuite_intel,444.84,8585.3,21156,16,143,124
stencil3D,stencil3D_11,machsuite_intel,411.52,11771.4,29520,32,243,152
stencil3D,stencil3D_12,machsuite_intel,362.84,13310.2,34402,56,323,145
stencil3D,stencil3D_13,machsuite_intel,587.2,5150.6,13501,8,125,50
stencil3D,stencil3D_14,machsuite_intel,467.07,8746.0,23864,16,224,101
stencil3D,stencil3D_15,machsuite_intel,411.02,11977.9,33866,32,416,125
stencil3D,stencil3D_16,machsuite_intel,332.67,18395.9,53587,64,800,175
stencil3D,stencil3D_17,machsuite_intel,599.88,5115.9,13793,8,125,50
stencil3D,stencil3D_18,machsuite_intel,444.84,8585.3,21156,16,143,124
stencil3D,stencil3D_19,machsuite_intel,411.52,11771.4,29520,32,243,152
stencil3D,stencil3D_20,machsuite_intel,362.84,13310.2,34402,56,323,145
stencil3D,stencil3D_21,machsuite_intel,587.2,5150.6,13501,8,125,50
stencil3D,stencil3D_22,machsuite_intel,467.07,8746.0,23864,16,224,101
stencil3D,stencil3D_23,machsuite_intel,411.02,11977.9,33866,32,416,125
stencil3D,stencil3D_24,machsuite_intel,332.67,18395.9,53587,64,800,175
stencil3D,stencil3D_25,machsuite_intel,599.88,5115.9,13793,8,125,50
stencil3D,stencil3D_26,machsuite_intel,444.84,8585.3,21156,16,143,124
stencil3D,stencil3D_27,machsuite_intel,411.52,11771.4,29520,32,243,152
stencil3D,stencil3D_28,machsuite_intel,362.84,13310.2,34402,56,323,145
stencil3D,stencil3D_29,machsuite_intel,587.2,5150.6,13501,8,125,50
stencil3D,stencil3D_30,machsuite_intel,467.07,8746.0,23864,16,224,101
stencil3D,stencil3D_31,machsuite_intel,411.02,11977.9,33866,32,416,125
stencil3D,stencil3D_32,machsuite_intel,332.67,18395.9,53587,64,800,175
stencil3D,stencil3D_33,machsuite_intel,599.88,5115.9,13793,8,125,50
stencil3D,stencil3D_34,machsuite_intel,444.84,8585.3,21156,16,143,124
stencil3D,stencil3D_35,machsuite_intel,411.52,11771.4,29520,32,243,152
stencil3D,stencil3D_36,machsuite_intel,362.84,13310.2,34402,56,323,145
stencil3D,stencil3D_37,machsuite_intel,587.2,5150.6,13501,8,125,50
stencil3D,stencil3D_38,machsuite_intel,467.07,8746.0,23864,16,224,101
stencil3D,stencil3D_39,machsuite_intel,411.02,11977.9,33866,32,416,125
stencil3D,stencil3D_40,machsuite_intel,332.67,18395.9,53587,64,800,175
stencil3D,stencil3D_41,machsuite_intel,569.15,5082.1,12707,8,97,44
stencil3D,stencil3D_42,machsuite_intel,413.56,8543.2,20915,16,119,108
stencil3D,stencil3D_43,machsuite_intel,388.65,11293.5,27968,32,187,136
stencil3D,stencil3D_44,machsuite_intel,387.3,12022.0,30231,56,179,139
stencil3D,stencil3D_45,machsuite_intel,588.24,5520.3,14269,8,125,44
stencil3D,stencil3D_46,machsuite_intel,423.91,9033.1,24381,16,224,95
stencil3D,stencil3D_47,machsuite_intel,347.71,12658.7,34479,32,416,119
stencil3D,stencil3D_48,machsuite_intel,299.22,19606.4,54782,64,800,169
stencil3D,stencil3D_49,machsuite_intel,569.15,5082.1,12707,8,97,44
stencil3D,stencil3D_50,machsuite_intel,413.56,8543.2,20915,16,119,108
stencil3D,stencil3D_51,machsuite_intel,388.65,11293.5,27968,32,187,136
stencil3D,stencil3D_52,machsuite_intel,387.3,12022.0,30231,56,179,139
stencil3D,stencil3D_53,machsuite_intel,588.24,5520.3,14269,8,125,44
stencil3D,stencil3D_54,machsuite_intel,423.91,9033.1,24381,16,224,95
stencil3D,stencil3D_55,machsuite_intel,347.71,12658.7,34479,32,416,119
stencil3D,stencil3D_56,machsuite_intel,299.22,19606.4,54782,64,800,169
stencil3D,stencil3D_58,machsuite_intel,413.56,8543.2,20915,16,119,108
stencil3D,stencil3D_59,machsuite_intel,388.65,11293.5,27968,32,187,136
stencil3D,stencil3D_60,machsuite_intel,387.3,12022.0,30231,56,179,139
stencil3D,stencil3D_61,machsuite_intel,588.24,5520.3,14269,8,125,44
stencil3D,stencil3D_62,machsuite_intel,423.91,9033.1,24381,16,224,95
stencil3D,stencil3D_63,machsuite_intel,347.71,12658.7,34479,32,416,119
stencil3D,stencil3D_64,machsuite_intel,299.22,19606.4,54782,64,800,169
stencil3D,stencil3D_65,machsuite_intel,569.15,5082.1,12707,8,97,44
stencil3D,stencil3D_66,machsuite_intel,413.56,8543.2,20915,16,119,108
stencil3D,stencil3D_67,machsuite_intel,388.65,11293.5,27968,32,187,136
stencil3D,stencil3D_68,machsuite_intel,387.3,12022.0,30231,56,179,139
stencil3D,stencil3D_69,machsuite_intel,588.24,5520.3,14269,8,125,44
stencil3D,stencil3D_70,machsuite_intel,423.91,9033.1,24381,16,224,95
stencil3D,stencil3D_71,machsuite_intel,347.71,12658.7,34479,32,416,119
stencil3D,stencil3D_72,machsuite_intel,299.22,19606.4,54782,64,800,169
stencil3D,stencil3D_73,machsuite_intel,569.15,5082.1,12707,8,97,44
stencil3D,stencil3D_74,machsuite_intel,413.56,8543.2,20915,16,119,108
stencil3D,stencil3D_75,machsuite_intel,388.65,11293.5,27968,32,187,136
stencil3D,stencil3D_76,machsuite_intel,387.3,12022.0,30231,56,179,139
stencil3D,stencil3D_77,machsuite_intel,588.24,5520.3,14269,8,125,44
stencil3D,stencil3D_78,machsuite_intel,423.91,9033.1,24381,16,224,95
stencil3D,stencil3D_79,machsuite_intel,347.71,12658.7,34479,32,416,119
stencil3D,stencil3D_80,machsuite_intel,299.22,19606.4,54782,64,800,169
stencil3D,stencil3D_81,machsuite_intel,525.49,6165.6,16113,8,95,44
stencil3D,stencil3D_82,machsuite_intel,377.36,9657.3,22940,16,109,108
stencil3D,stencil3D_83,machsuite_intel,324.89,12411.9,30438,32,153,136
stencil3D,stencil3D_84,machsuite_intel,396.83,12364.5,30975,56,113,127
stencil3D,stencil3D_85,machsuite_intel,548.55,7032.2,18440,8,125,44
stencil3D,stencil3D_86,machsuite_intel,351.49,11755.9,32248,16,224,95
stencil3D,stencil3D_87,machsuite_intel,313.38,17160.3,49395,32,416,119
stencil3D,stencil3D_88,machsuite_intel,267.09,28564.2,82689,64,800,169
stencil3D,stencil3D_89,machsuite_intel,525.49,6165.6,16113,8,95,44
stencil3D,stencil3D_90,machsuite_intel,377.36,9657.3,22940,16,109,108
stencil3D,stencil3D_91,machsuite_intel,324.89,12411.9,30438,32,153,136
stencil3D,stencil3D_92,machsuite_intel,396.83,12364.5,30975,56,113,127
stencil3D,stencil3D_93,machsuite_intel,548.55,7032.2,18440,8,125,44
stencil3D,stencil3D_94,machsuite_intel,351.49,11755.9,32248,16,224,95
stencil3D,stencil3D_95,machsuite_intel,313.38,17160.3,49395,32,416,119
stencil3D,stencil3D_96,machsuite_intel,267.09,28564.2,82689,64,800,169
stencil3D,stencil3D_97,machsuite_intel,525.49,6165.6,16113,8,95,44
stencil3D,stencil3D_98,machsuite_intel,377.36,9657.3,22940,16,109,108
stencil3D,stencil3D_99,machsuite_intel,324.89,12411.9,30438,32,153,136
stencil3D,stencil3D_100,machsuite_intel,396.83,12364.5,30975,56,113,127
stencil3D,stencil3D_101,machsuite_intel,548.55,7032.2,18440,8,125,44
stencil3D,stencil3D_102,machsuite_intel,351.49,11755.9,32248,16,224,95
stencil3D,stencil3D_103,machsuite_intel,313.38,17160.3,49395,32,416,119
stencil3D,stencil3D_104,machsuite_intel,267.09,28564.2,82689,64,800,169
stencil3D,stencil3D_105,machsuite_intel,525.49,6165.6,16113,8,95,44
stencil3D,stencil3D_106,machsuite_intel,377.36,9657.3,22940,16,109,108
stencil3D,stencil3D_107,machsuite_intel,324.89,12411.9,30438,32,153,136
stencil3D,stencil3D_108,machsuite_intel,396.83,12364.5,30975,56,113,127
stencil3D,stencil3D_109,machsuite_intel,548.55,7032.2,18440,8,125,44
stencil3D,stencil3D_110,machsuite_intel,351.49,11755.9,32248,16,224,95
stencil3D,stencil3D_111,machsuite_intel,313.38,17160.3,49395,32,416,119
stencil3D,stencil3D_112,machsuite_intel,267.09,28564.2,82689,64,800,169
stencil3D,stencil3D_113,machsuite_intel,525.49,6165.6,16113,8,95,44
stencil3D,stencil3D_114,machsuite_intel,377.36,9657.3,22940,16,109,108
stencil3D,stencil3D_115,machsuite_intel,324.89,12411.9,30438,32,153,136
stencil3D,stencil3D_116,machsuite_intel,396.83,12364.5,30975,56,113,127
stencil3D,stencil3D_117,machsuite_intel,548.55,7032.2,18440,8,125,44
stencil3D,stencil3D_118,machsuite_intel,351.49,11755.9,32248,16,224,95
stencil3D,stencil3D_119,machsuite_intel,313.38,17160.3,49395,32,416,119
stencil3D,stencil3D_120,machsuite_intel,267.09,28564.2,82689,64,800,169
stencil3D,stencil3D_121,machsuite_intel,506.07,8761.7,22639,8,102,44
stencil3D,stencil3D_122,machsuite_intel,335.91,12075.5,29069,16,185,108
stencil3D,stencil3D_123,machsuite_intel,299.13,15895.6,35487,32,225,136
stencil3D,stencil3D_124,machsuite_intel,439.56,11335.6,29076,56,108,54
stencil3D,stencil3D_125,machsuite_intel,485.2,10487.3,27082,8,133,44
stencil3D,stencil3D_126,machsuite_intel,340.95,16558.2,45530,16,232,95
stencil3D,stencil3D_127,machsuite_intel,294.72,25428.4,72634,32,424,119
stencil3D,stencil3D_128,machsuite_intel,252.65,43366.0,125955,64,808,169
stencil3D,stencil3D_129,machsuite_intel,506.07,8761.7,22639,8,102,44
stencil3D,stencil3D_130,machsuite_intel,335.91,12075.5,29069,16,185,108
stencil3D,stencil3D_131,machsuite_intel,299.13,15895.6,35487,32,225,136
stencil3D,stencil3D_132,machsuite_intel,439.56,11335.6,29076,56,108,54
stencil3D,stencil3D_133,machsuite_intel,485.2,10487.3,27082,8,133,44
stencil3D,stencil3D_134,machsuite_intel,340.95,16558.2,45530,16,232,95
stencil3D,stencil3D_135,machsuite_intel,294.72,25428.4,72634,32,424,119
stencil3D,stencil3D_136,machsuite_intel,252.65,43366.0,125955,64,808,169
stencil3D,stencil3D_137,machsuite_intel,506.07,8761.7,22639,8,102,44
stencil3D,stencil3D_138,machsuite_intel,335.91,12075.5,29069,16,185,108
stencil3D,stencil3D_139,machsuite_intel,299.13,15895.6,35487,32,225,136
stencil3D,stencil3D_140,machsuite_intel,439.56,11335.6,29076,56,108,54
stencil3D,stencil3D_141,machsuite_intel,485.2,10487.3,27082,8,133,44
stencil3D,stencil3D_142,machsuite_intel,340.95,16558.2,45530,16,232,95
stencil3D,stencil3D_143,machsuite_intel,294.72,25428.4,72634,32,424,119
stencil3D,stencil3D_144,machsuite_intel,252.65,43366.0,125955,64,808,169
stencil3D,stencil3D_145,machsuite_intel,506.07,8761.7,22639,8,102,44
stencil3D,stencil3D_146,machsuite_intel,335.91,12075.5,29069,16,185,108
stencil3D,stencil3D_147,machsuite_intel,299.13,15895.6,35487,32,225,136
stencil3D,stencil3D_148,machsuite_intel,439.56,11335.6,29076,56,108,54
stencil3D,stencil3D_149,machsuite_intel,485.2,10487.3,27082,8,133,44
stencil3D,stencil3D_150,machsuite_intel,340.95,16558.2,45530,16,232,95
stencil3D,stencil3D_151,machsuite_intel,294.72,25428.4,72634,32,424,119
stencil3D,stencil3D_152,machsuite_intel,252.65,43366.0,125955,64,808,169
stencil3D,stencil3D_153,machsuite_intel,506.07,8761.7,22639,8,102,44
stencil3D,stencil3D_154,machsuite_intel,335.91,12075.5,29069,16,185,108
stencil3D,stencil3D_155,machsuite_intel,299.13,15895.6,35487,32,225,136
stencil3D,stencil3D_156,machsuite_intel,439.56,11335.6,29076,56,108,54
stencil3D,stencil3D_157,machsuite_intel,485.2,10487.3,27082,8,133,44
stencil3D,stencil3D_158,machsuite_intel,340.95,16558.2,45530,16,232,95
stencil3D,stencil3D_159,machsuite_intel,294.72,25428.4,72634,32,424,119
stencil3D,stencil3D_160,machsuite_intel,252.65,43366.0,125955,64,808,169
stencil3D,stencil3D_161,machsuite_intel,427.9,12728.0,32720,8,186,44
stencil3D,stencil3D_162,machsuite_intel,293.43,17581.8,40116,16,337,108
stencil3D,stencil3D_163,machsuite_intel,254.39,24105.7,49168,32,411,136
stencil3D,stencil3D_164,machsuite_intel,415.28,13115.5,36222,56,198,54
stencil3D,stencil3D_165,machsuite_intel,404.37,15804.3,41115,8,243,44
stencil3D,stencil3D_166,machsuite_intel,291.55,24594.0,65662,16,430,95
stencil3D,stencil3D_167,machsuite_intel,261.78,40316.9,107670,32,768,119
stencil3D,stencil3D_168,machsuite_intel,225.28,65243.0,191665,64,1440,169
stencil3D,stencil3D_169,machsuite_intel,427.9,12728.0,32720,8,186,44
stencil3D,stencil3D_170,machsuite_intel,293.43,17581.8,40116,16,337,108
stencil3D,stencil3D_171,machsuite_intel,254.39,24105.7,49168,32,411,136
stencil3D,stencil3D_172,machsuite_intel,415.28,13115.5,36222,56,198,54
stencil3D,stencil3D_173,machsuite_intel,404.37,15804.3,41115,8,243,44
stencil3D,stencil3D_174,machsuite_intel,291.55,24594.0,65662,16,430,95
stencil3D,stencil3D_175,machsuite_intel,261.78,40316.9,107670,32,768,119
stencil3D,stencil3D_176,machsuite_intel,225.28,65243.0,191665,64,1440,169
stencil3D,stencil3D_177,machsuite_intel,427.9,12728.0,32720,8,186,44
stencil3D,stencil3D_178,machsuite_intel,293.43,17581.8,40116,16,337,108
stencil3D,stencil3D_179,machsuite_intel,254.39,24105.7,49168,32,411,136
stencil3D,stencil3D_180,machsuite_intel,415.28,13115.5,36222,56,198,54
stencil3D,stencil3D_181,machsuite_intel,404.37,15804.3,41115,8,243,44
stencil3D,stencil3D_182,machsuite_intel,291.55,24594.0,65662,16,430,95
stencil3D,stencil3D_183,machsuite_intel,261.78,40316.9,107670,32,768,119
stencil3D,stencil3D_184,machsuite_intel,225.28,65243.0,191665,64,1440,169
stencil3D,stencil3D_185,machsuite_intel,427.9,12728.0,32720,8,186,44
stencil3D,stencil3D_186,machsuite_intel,293.43,17581.8,40116,16,337,108
stencil3D,stencil3D_187,machsuite_intel,254.39,24105.7,49168,32,411,136
stencil3D,stencil3D_188,machsuite_intel,415.28,13115.5,36222,56,198,54
stencil3D,stencil3D_189,machsuite_intel,404.37,15804.3,41115,8,243,44
stencil3D,stencil3D_190,machsuite_intel,291.55,24594.0,65662,16,430,95
stencil3D,stencil3D_191,machsuite_intel,261.78,40316.9,107670,32,768,119
stencil3D,stencil3D_192,machsuite_intel,225.28,65243.0,191665,64,1440,169
stencil3D,stencil3D_193,machsuite_intel,427.9,12728.0,32720,8,186,44
stencil3D,stencil3D_194,machsuite_intel,293.43,17581.8,40116,16,337,108
stencil3D,stencil3D_195,machsuite_intel,254.39,24105.7,49168,32,411,136
stencil3D,stencil3D_196,machsuite_intel,415.28,13115.5,36222,56,198,54
stencil3D,stencil3D_197,machsuite_intel,404.37,15804.3,41115,8,243,44
stencil3D,stencil3D_198,machsuite_intel,291.55,24594.0,65662,16,430,95
stencil3D,stencil3D_199,machsuite_intel,261.78,40316.9,107670,32,768,119
stencil3D,stencil3D_200,machsuite_intel,225.28,65243.0,191665,64,1440,169
